"body","sentiment_label"
"This post contains content not supported on old Reddit. [Click here to view the full post](https://sh.reddit.com/r/nba/comments/1u2iijv)","neutral"
"Boy these games sure are rigged huh? /s","neutral"
"Mitch is being out coached to level that is stage 4 embarrassing.","negative"
"The Spurs put out the worst half offensively that I’ve seen in so long. They looked completely lost. And Wemby gives them nothing in the pose somehow.","negative"
"Did KAT deflect the pass?  Because that play was going to work for the spurs?","neutral"
"Absolutely inexcusable. Spurs deserved to lose. Literally shot themselves out of the game thinking they were the 2017 Golden State Warriors.

MVP OG Anunoby","negative"
"Fox had 2 turnovers in a row, that started the Knick comeback","neutral"
"what the fuck","negative"
"Fucking pathetic ","negative"
"I PEED MY FUCKING PANTS AND I'M GONNA RUN THROUGH A WALL","negative"
"What a fucking joke Spurs let the entire country down","negative"
"Fire Fox, Fire Mitch, Fire EVERYONE!","negative"
"It’s never over til it’s over","neutral"
"Holy churros, I don't believe knicks actually won.","positive"
"Knicks fans about to be unruly out there tonight lol","positive"
"Welp that was painful to watch, congrats to the Knicks on the great comeback ","positive"
"It's over. I’m sick of the Spurs building a lead early just to collapse in the second half","negative"
"what a comeback from the knicks, so many clutch plays at the end","neutral"
"Spurs with the worst meltdown of all time. Wemby is NOT future GOAT ","negative"
"OG gets legend status for that","neutral"
"I'm shaking and I'm not even a Knicks fan. My adrenaline is pumping","positive"
"You just can’t turn this team’s games off no matter what man ","negative"
"I'm in you mind - aged like a rotten milk","neutral"
"lol I stopped watching at halftime.

What the crap did I miss!?
","mixed"
"OG is so fucking tough. He was never worried","mixed"
"That is embarrassing for the Spurs 💀","negative"
"Unreal, Knicks team is so damn resilient ","negative"
"No way dude!!!! Spurs L LMAOOOO","negative"
"GG Knicks.  Wemby just a generational choker lol","positive"
"FIRE MITCH JOHNSON","negative"
"Thank you for bringing us back Taylor Swift! She wiped away Trump's bad juju!","mixed"
"What a game","neutral"
"What the fuck","negative"
"Holy shit. I turned it off and saw they were only down 5. I couldn’t turn it back on because I didn’t want to jinx it. Time to go back and rewatch the comeback","negative"
"Incredible choke ","negative"
"Fox is gonna get dumped in the off-season. Harper and Castle are so much better than him","uncertain"
"I turned it off and turned it back on before the last play 🤣🤣🤣🤣 what the fuck happened? ","mixed"
"Spurs fans in shambles 

Absolute cinema 


Greatest comeback in NBA finals history ","positive"
"The Spurs do so many things wrong with the game on the line.  It seems like it should be impossible to do them all in the same game.  It’s like a statistical anomaly","mixed"
"This Finals has been embarassing for the Spurs, and sadly that's going to dominate much of the headlines even though the Knicks have been playing some of the most composed basketball I've seen since the Warriors or OG Spurs.","negative"
"Is this like the best half time adjustment in NBA finals?","positive"
"One of the legendary games","neutral"
"OG scored 33 for his favorite player, Scottie Pippen.","positive"
"LeChoke","neutral"
"Nice comeback by New York but the Spurs handed them that game. Which of these guards are they trading for a real point guard in the offseason? ","positive"
"Just witnessed history ","neutral"
"Spurs coach is gone. No excuse for blowing a 29 point lead 🤦‍♂️","mixed"
"Unbelievable. This Knicks team just does not give up. This is an incredible playoff run.","neutral"
"AHHHHHHHHHHHH","neutral"
"honestly what a fucking game","negative"
"This is the greatest thing I've ever watched in my life ","positive"
"Say fucking wallahi bro ","negative"
"WHAT THE FUCK JUST HAPPENED","negative"
"Fox not built for the moment and Wemby choking on those FT’s. Bro just fucking rest and get your head straight","negative"
"Unreal. Second worst championship meltdown I’ve seen in any sport.","negative"
"Hahahahahhaa FUCK THE SPURS","negative"
"If Fox didn't try that lay up, the game would've been over","neutral"
"WOOOOOOOOOOW SPPEEEEECHLESS","neutral"
"rooting for the spurs as a non fan but can't even be mad. knicks earned that shit. fucking crazy.","negative"
"Hart feeling the biggest weight off his shoulders right now.  Holy shit. ","mixed"
"AHHHHHHHHHHHHHHHHHHHHHHHHHHHHH","neutral"
"fade me","neutral"
"GREATEST COMEBACK OF ALL TIME HAHAHAHAHA ALL THE SPURS FANS CHIRPING EARLIER IN THE GAME YOU GUYS ARE FRAUDS","uncertain"
"LFGK!!!","neutral"
"Wemby was born for late game alley oops. How don’t you try to get a lob to wemby. Tallest player on the floor","neutral"
"Those missed free throws will haunt Wemby for a long time ","negative"
"can’t believe what I witnessed. OG hang the jersey in the rafters. ","neutral"
"Hahahahahahahaha hahahahaha hahahahaha!!!! Ahahahahahahahahah the haters are fuckinG DEAD LMAOOOOOOOOO!!!!!","negative"
"I'm so stunned","negative"
"omg","neutral"
"I can't wait to drink the tears of these Spurs fans talking all that smoke an hour ago.","neutral"
"I mean if you're the Spurs you can't even be mad. You're doing this to yourselves. Fox is a fucking moron, and Wemby is such a coward/dumbass because he refuses to play in the paint. Quite literally taking himself out of the game every single game. You could pay me 1/100th of what you pay Mitch, Wemby and Fox, and I could give you equal production lol","negative"
"Even after all that stupid shit - Game was won... fox random layup attempt was horrific, not taking a timeout, horrific, just completely awful coaching and stupidity.","negative"
"There's no coming back after that. Series over.","neutral"
"So much mental lapses from Fox man holy shit","negative"
"I cannot get over how the spurs had the ball with 10 seconds left and went for a contested layup over making the Knicks foul.","negative"
"OG is a champ. Props to him on that play. Wemby’s gonna be scary next year. I expect a Giannis-like glow up next season. ","neutral"
"#OG OG OG OG OG OG OG OG OG OG OG OG OG OG","neutral"
"Craziest basketball game ever","negative"
"Best comeback in NBA finals history","positive"
"lol just give them the title at this point","positive"
"All Fox had to do was hold the fucking ball. How stupid is he?? ","negative"
"I cannot believe what the fuck I just watched. ","negative"
"Fox was an idiot. Should have held the ball ","negative"
"OG? More like MJ!","positive"
"I have never been so embarrassed to be a Spurs fan in my entire life. ","positive"
"This shit is faker than the WWE and I'm rooting for the Knicks ","negative"
"Mitch Johnson just lost his job","negative"
"This comeback is like, top 3 ball moment of all time for me lmao ","positive"
"Embarrassing for the Spurs. They did it to themselves. Choked twice now smh ","negative"
"Seeing OG succeed like this feels so fucking good man. Im so happy for him. ","positive"
"A masterclass of choking never before seen!","negative"
"Biggest choke i ever seen. And i just watched my team give up a 22pt lead lmao","mixed"
"**GAME 4 final** 

# 212 BLOCK PARTY 🗽107

# 210 FIESTA 👢106","mixed"
"Ship Fox to the wizards. ","neutral"
"I love basketball man, incredible comeback, it’s never over! ","positive"
"I am shaking ","neutral"
"Jesus. I don’t think San Antonio can recover from this. This is just psychologically devastating.","mixed"
"Hahahahahahahaha","neutral"
"Spurs managed only 30 points entire second half after scoring 41 and 35 first 2 quarters lmao.","positive"
"Not showing the final play where there is a clear foul is fuckin’ criminal ","negative"
"Get ready NYPD","neutral"
"WTF is this real life?","negative"
"Welp you guys prepared to endure the most annoying fanbase in all of basketball history this offseason?","uncertain"
"HARDWOOD CLASSIC! ABSOLUTE HARDWOOD CLASSIC","neutral"
"They didnt even run it for wemby lmao","positive"
"They acting like they just won the banner 🤣   
Took a historic comeback to not lose all their home games.","positive"
"Fox is trash","negative"
"any time i see kornet or fox i start praying and god never hears my prayers","positive"
"Low basketball IQ or rigged ","neutral"
"What a choke wtf","negative"
"Move over 28-3. There's a new choke in town. ","negative"
"fuck you bitch ass losers … bring out all the comments talking smack about Brunson this Brunson that. He made a donkey out of the Texas river walk idiots. Go back to them fat ass churo eating SA women!","negative"
"OMGGGGGGGG    Knicks all the way....  these dirty spurs got favored by the refs and nba....","uncertain"
"Man that's embarrassing as fuck 😆 🤣 😂 ","negative"
"HAHAHAHAHAHAHAHAHA CHOKKEEEE","neutral"
"Spurs lost the game simply due to inexperience ","negative"
"OG lowkey sounds like SpikeLee lol ","positive"
"Holy fucking shit what an amazing game!","negative"
"Absolute madness","negative"
"Disgusting","negative"
"Search every betting site ever for the name De’Aaron Fox","neutral"
"How do you lose a 30 point lead! ","neutral"
"all your gfs are OGs now ","neutral"
"Analytically the Knicks just got swept. 

LGK","neutral"
"Spurs guards are awful lmao","neutral"
"OG LEGACY GAME","neutral"
"Atrocious stuff from the Spurs. Mitch Johnson has to go and SA needs to get a real #2 for Wemby. Just wow.","uncertain"
"Reddit is broken haha","positive"
"Hopefully this means no Spurs fans will be brutally assaulted in the streets. Won’t hold my breath though ","negative"
"HOLY FUCKING SHIT","negative"
"Witnessed history ","neutral"
"OH MY GODDDDDDD HOLY FUCKKKKKKKKKKKKKKKK LETS GOOOOOOOOOOOOOOOOOOOOOOOO","neutral"
"what on earth is going on with mitch johnson? no timeout with 10 seconds left and drawing that same shitty lob to stephon play that never works","negative"
"Even Larry David looked plussed by that tip in","neutral"
"wtf was fox doing! He could’ve just wasted time, they would’ve fouled him ","negative"
"Spurs fans in NYC are genuinely in danger man. Absolutely brutal to watch. ","negative"
"LMAOOOO WEMBY WYA ","neutral"
"There is no way I just watched that happen","neutral"
"greatest choke ever. What a fucken game.","mixed"
"Let’s read the spurs copium","neutral"
"What was that ending!? Cassle even has a wide open shot and flubbed it.","neutral"
"We need your apologies you pieces of shits!!! HAHAHAHAHHA ","neutral"
"OMFG!!!

WTF have I just witnessed, this shit is insane, I thought this was over with the 2 KAT fouls in minute 1, let aside when they were down by 29 points.

I don't even like the knicks but this shit was insane.","negative"
"Fuck yeah","negative"
"Fox doesn’t shoot they win. What a choke. Hahahahahahahahahahaha","negative"
"Genuinely the best hatewatch of all time. OG & Brunson y’all have my respect ","positive"
"WHAT A GAME ","neutral"
"Are the spurs the biggest frauds in NBA history now?","negative"
"Fox needs to be investigated wtf was he thinking ","negative"
"GET FUCKED SPURS SHITHEADS","negative"
"OG GOAT ","neutral"
"Ball don’t lie! What a generational choke job. Never thought I’d be routing for the Knicks ","negative"
"Taylor Swift > Donald Trump","positive"
"That’s my boy OG!!!! ","neutral"
"Was it Fox who didn’t make them foul him with 10 seconds left up by one?","positive"
"Fox blew the game wtf ","negative"
"This was my first basketball game, is this how it normally goes ","neutral"
"What a collapse. Fox is absolute shit, so many boneheaded plays ","negative"
"WHAT THE HELL JUST HAPPENED!!!!???? OMGGGGGG","negative"
"Spurs don't deserve to comeback just end it. World Cup is here","neutral"
"OG IS SO FUCKING GOOD","positive"
"Whaaat a gaaaame! Both teams got heart but can tell Spurs still needs more playoff experience ","neutral"
"THE BEASTERN CONFERENCE ONE WIN AWAY","positive"
"What the fuck just happed?? ","negative"
"How many comments does it take to break reddit?  This many","neutral"
"Fox just needed to hold the ball instead of the layup attempt ?","neutral"
"That OG tip....... oh my","neutral"
"Benson and Stabler this is for you","neutral"
"xz retse4bvtgsergnmse54ngm4trhnsertbhghrsrebrbgsdergsedrg","neutral"
"Incredible throw by the Spurs","neutral"
"We fucking suck bro","negative"
"Fox trying to be a hero going for that layup cost the Spurs the game ","positive"
"Fox has always been a fucking loser.  Lmao.  ","negative"
"Lmfao fuck wemby and the spurs ","uncertain"
"I can’t believe what I saw","neutral"
"Wonder how many Spurs fans will get assaulted by celebrating Knicks fans tonight ","positive"
"YALL MFS DOUBTED USSSS","negative"
"Thanks for the momentum r/wutang for the children   ","positive"
"wtf ","negative"
"c i n e m a","neutral"
"CHOKE ARTISTS","negative"
"This is the NBA equivalent of 28-3","neutral"
"THANK GOD OMG","positive"
"Really spurs yall knew they wasn’t giving yall a foul there","negative"
"Damn spurs fans you guys were running your mouth like crazy. Must feel so bad rn ","negative"
"How tf can you ever root for Fox again if you’re spurs fan, bro the game was fucking over, hold the ball and the clock had 7 seconds left. What a complete fucking idiot ","negative"
"All fox had to do was hold the ball. Fucking moron. ","negative"
"What an unbelievable finish","negative"
"We definitely deserve the shame tonight, we went from unreal playing to this ahah","negative"
"THE CHOKE OF A LIFETIME ","negative"
"Imagine if Spurs would actually give the ball to Harper over Fox in late game situations ","neutral"
"Holy fuck","negative"
"#HAHAHAHAHAHHAHAHAHAHHAHAHHAHAHAHAHAHA","neutral"
"Knicks fans deserved this","neutral"
"Historical chokejob","neutral"
"Fox is fucking trash","negative"
"Spurs are ass lmfaooo","negative"
"Knicks are just a better team bruh","positive"
"OG is the greatest nba player tonight","positive"
"Wow. Spurs +Refs <<< Knicks","positive"
"Well deserved Knicks","neutral"
"Ridiculous choke job.. absolutely disgusting ","negative"
"Spurs fans, is this worse than the Ray Allen shot?","negative"
"How the fuck do you shoot up 1 with the ball ","negative"
"IM GOING TO THROW UP","neutral"
"“EASY WHEN YOU HAVE THE BEST PLAYER ON EARTH”","positive"
"Wow...that's an embarrassing loss, Spurs.","mixed"
"We'll be good one day, but we're fucking bums right now. Historical bums. Gonna go down in history as the biggest bums in NBA playoff history.","uncertain"
"I love how reddit is still so dog shit in 2026 that it can't keep up with a few extra thousand comments lmao","positive"
"The better team is going to win the championship. Spurs are not ready yet. ","positive"
"Mitch Johnson and Fox please do not come back to San Antonio ","neutral"
"give OG the fucking bag, the key to new york, a statue, a new bridge","negative"
"What the fuck did I just witness?","negative"
"Wemby pack it up go eat some twinkies","neutral"
"Yoooooo WHAT THE FUCK WAS THAT LOL","neutral"
"If I told you the team that was up by 29 at half and set a record for made 3s in the playoffs lost the game, you'd call me a fucking liar","negative"
"I’m shaking Jesus Christ ","positive"
"Biggest choke in NBA history, no exaggeration ","negative"
"Hard to respect the Spurs after that. Hard to respect the Knicks for those made 3s. They were at 100%, it’s so improbable it’s disappointing","uncertain"
"Does the west see the gap in our power now?","neutral"
"CHAT SHIT, GET BANGED","negative"
"yeah fuck you spurs fuck you refs and fuck you wemby. disgusting all of you","negative"
"Incredible, fucking incredible ","negative"
"knicks a 4th quarter merchant","neutral"
"Bro holy shit","negative"
"FINALS MVP THATS MY GOAT OG","neutral"
"Spurs youth choked hard.  They’ll be back, but what a choke.","negative"
"This is not good for my heart ","negative"
"OG IS MY GOAT","neutral"
"Why the fuck did Fox shoot it after getting ball after that Brunson miss with like 10 secs to go? ","negative"
"HAHAHAHA!!! Ahhhhhh hahahaha!","neutral"
"Rigged.","negative"
"Worst shit since JR Smith","negative"
"Pretty….pretttttty good","positive"
"No fucking way ","positive"
"Fox gotta go in the offseason. Just boneheaded decisions every game this playoffs","neutral"
"I guess those fans got their money's worth after all","positive"
"Holy shit NY","negative"
"Stop showing me Jerry Seinfeld ","neutral"
"Absolutely insane. Unbelievable ","negative"
"ARE YOU NOT ENTERTAINED!!!! ","neutral"
"OG so tufffff","neutral"
"This is karma. You made fun of the Lakers with the goofy halftime graphic only to pull off the biggest chock job in NBA history.","mixed"
"glad you guys got your 15 minutes of shit talking in ","neutral"
"Fox is the knicks mvp","neutral"
"Fox fucking up that layup instead of burning clock was moronic.","negative"
"Spurs with an insane 30 points in the second half 

Fraud ass team 🤣","negative"
"ITS QUIET NOW ","neutral"
"Generational choke by Spurs","negative"
"OG is not human ","neutral"
"WHAT A MOG BY OG HOLY FUCK","negative"
"Shits rigged. ""Largest comeback of all time"" blow me fuck this noise. Draft kings and fanduel happy with all their bet money aren't they ","mixed"
"EVERY FUCKING SPURS FAN CAN GO FUCK THEMSELVES","negative"
"Popp is rolling around in his grave","negative"
"Think long and hard about how you blew the biggest lead in NBA finals history over the next 2 days. ","neutral"
"HOLY FUCK! WHAT a comeback for the knicks and chokejob for the spurs ","negative"
"Man the nba didn’t do a good job of fixing this one. Spurs are toast. ","negative"
"Fox is one of the worst basketball players I have ever had the pleasure of watching. ","uncertain"
"Dman dude that was sick","positive"
"Grats to the Knicks, not a bandwagon fan but dang they’re good…","uncertain"
"Fox fucking sucks dude","negative"
"29 point comeback! Fucking hell!!!

Bandwagoners go home 🤪😂","negative"
"THE TRUMP CURSE HAS BEEN BROKEN","negative"
"i believe.","neutral"
"What a comeback by the Knicks. Holy crap. ","negative"
"As a fan of a moribund franchise owned by a worthless moron nepo baby the Knicks pulling this off gives me hope.","uncertain"
"YOULL NEVER LIVE THIS DOWN SAN ANTONIO. GO FUCKING KNICKS TALL EARNED THAT MUGG ","negative"
"Now lets go beat up some more Spurs fans... right guys?!","neutral"
"lol how lucky can you get? smh","positive"
"Legendary","neutral"
"Holy shit that blown lead will haunt them for the rest of their careers.","negative"
"Wooooow what a game","neutral"
"Historic choke","uncertain"
"holy fuck Spurs that was just some straight ASS","negative"
"Fuck the whole Spurs you all suck HAHAHAHAHAHAHAHAH","negative"
"[ Removed by Reddit ]","neutral"
"Sperms just lost the unlosable ","negative"
"Well that’s the series. Way to blow it Spurs ","neutral"
"my goodness","positive"
"Spurs should be ashamed of themselves. ","negative"
"Congratulations Knicks on a improbable victory ","positive"
"LOL Spurs SOLDDDD","positive"
"Fox really made some boneheaded plays. So many bad passes and then that horrible layup attempt instead of dribbling it out and burning clock on the second to last possession. Wow","mixed"
"Lmfaooooooo ain’t over till it’s over ","neutral"
"HAHAHAHAHAHAHAHAHAHA FUCK THIS SUB! KNICKS UP BABYYYYYY","negative"
"well this is what i call a fiesta game i guess the less bad team won today but both were pretty damn bad.","negative"
"Can’t wait for AwfulCoaching’s breakdown of the Spurs and this absolute choke","negative"
" Why is this the “greatest come back win in finals history” sorry I don’t really know that much about the nba ","positive"
"Damn OG MVP","negative"
"Just give them the trophy this is embarassing   
How tf did we lose","neutral"
"Mitch Johnson an absolute joke.  Guy has a potential GOAT player and doesn't even give him the ball.","neutral"
"Holy choke job, well done Knicks. That's the series. ","negative"
"Strap Fox to a fucking rocket ","negative"
"Lmao Wemby got too cocky","positive"
"What a choke, this is on Wemby for missing free throws and Fox for the turnovers late in the 4th and not holding the ball.","negative"
"Reddit in shambles","neutral"
"""imagine paying 10k to watch this game"" -redditor during halftime","neutral"
"That’s a choke that’s going To live with these spurs players until they win a title 

Wemby was atrocious in the second half ","neutral"
"What a fucking joke","negative"
"As a Suns fan, I say it couldn’t happen to a more deserving team.

Spurs are frauds.","uncertain"
"It's over, no way Spurs ever coming back from this embarrassment","negative"
"Wemby and Fox disasterclass ","neutral"
"OG finals MVP man","neutral"
"28-3","neutral"
"New York might burn down ","neutral"
"Wow. ","positive"
"Un fucking real","negative"
"What the fuck just happened?","negative"
"fox is going to hell i’m not joking","negative"
"yooo not the lady form Law and Order hugging OG lmaoooo","neutral"
"Yeah there’s a new king in ny and his name is OGholy fuck ","negative"
"This is one of the craziest fucking games I've ever seen. And I saw the 2008 24pt celtics comback vs my lakers","negative"
"Uhhhh... this is screaming Vegas involvement lol. These fake manufactured comebacks are getting stale. Wemby hardly even touched the ball in the second half? Lol","mixed"
"This Knicks team is fueled purely through friendship ","positive"
"Give OG a billion dollars if they win this series","positive"
"They had the play. KAT just tipped it. Castle had the oop","neutral"
"DONT EVER DOUBT THE NEW YORK KNICKS!!!","negative"
"Mitch Johnson, De’Aron Fox, Wemby all choked so damn hard. ","negative"
"This finals is amazing. One of the wildest finals comebacks I’ve ever seen. One of the most tense insane finishes I’ve seen. Just insane ","mixed"
"OG SHOULD NEVER HAVD TO PAY FOR ANYTHING IN NEW YORK EVER AGO.

WHAT A CHOKE BY THE SPURS","mixed"
"Spurs best player is a rookie named Dylan, and its not even close. Build around him babeh","positive"
"[ Removed by Reddit ]","neutral"
"That tip by Anunoby was so clutch. And good job catching the ball by the Knicks at the end there too.","positive"
"HATE WATCH FUCKING SUCCESSFUL","negative"
"Now I'm sure it was DONALD TRUMP that messed up Game 3","negative"
"Spurs on suicide watch ","negative"
"This game was fuckin' crazy!!! ","negative"
"Holy fuck they did it","negative"
"Yeah, that was on Fox. It could have been a three point game if ever. I guess we got Kings Fox back. What a choke. ","uncertain"
"OG with that tip in man!! What a game!","neutral"
"Lmao get fucked spurs","uncertain"
"Fox going for that contested layup with the lead and 11 seconds left in the game has to rank up there in bad decisions ","negative"
"absolute choke job","negative"
"HOLY FUCK THE KNICKS ACTUALLY WON THIS GAME","neutral"
"I'm so glad the Knicks won if for no other reason than it shut half of this brain-damaged sub up. You are consistently the worst people I have ever had the displeasure of interacting with, and I hope you all have a terrible night","mixed"
"CHOKE OF THE CENTURY ","negative"
"HAHAHAHAHHA this iss fucking nonsense","negative"
"WHERE ALL YOU SPURS FRONT RUNNERS  AT ???","neutral"
"OG just saved Josh Hart from nyc","positive"
"LETS GO KNICKS","neutral"
"spurs coach is a fucking idiot. i'd fire him. what a complete and utter fucking dumbass.. that is it","negative"
"Boy oh Boy Spurs don't hide now. You were out here thumping that chest earlier. ","neutral"
"I mean fire that fing coach tonight. Epic fail on every imaginable level. ","negative"
"I saw the score in the 2nd quarter and wrote this game off. Tuned in after baseball to this final minute finish. Absolutely insane!!","negative"
"Spurs suck dude. ","negative"
"SUCK MY NEW YORK DICK","negative"
"What the fuck!?","negative"
"Spike Lee doesn’t know what he’s gonna do now ","neutral"
"Im a neutral and my heart is POUNDING right now","neutral"
"Epic choke job 🤣🤣","mixed"
"I’m gonna throw up ","neutral"
"This confirms the NBA is rigged. Ain’t no way.","uncertain"
"Fuck all you fucking pussies 

You fucking dickriders 

Knicks all day","negative"
"OG tackled by Mariska Hargitay","neutral"
"Better than 28-3 ","positive"
"Thus is the NBA's 28-3","neutral"
"Why did fox take that layup lol so stupid man","uncertain"
"I WAS HERE","neutral"
"Historical half for the Spurs outdone by a historical half from the Knicks

We'll never forget this time game. 🤯","uncertain"
"lol eat shit San Antonio. ","neutral"
"If I were a Spurs fan I'd probably just stop following the game lmao","positive"
"OG FMVP","neutral"
"OG is the OG","neutral"
"OH MY FUCKING GOD OH MY FUCKING GOD ","negative"
"Fuck the Spurs, so glad all their fans have to feel this pain. On the flip side I’m bummed the Knicks fans get to enjoy the dub. Knicks players are super likable though so good for them. Wemby and Castle need this to be humbled. ","positive"
"FRAUDS","negative"
"No fucking WAY holy shit series over. ","negative"
"holy shit cancel fox's contract and send him to brazil wow","neutral"
"No way ","negative"
"Thank god the Knicks won, no innocent bystanders will get beat up today in NYC.","positive"
"unbelievable, good on the Knicks for believing they could win, good on the Spurs for believing they were all Steph Curry","positive"
"I hate to say it but the Spurs Dynasty begins after Fox","negative"
"Choked Game 2 & 4","negative"
"Fucking bs ","negative"
"OG","neutral"
"Mitch can't coached and Fox needs to be traded","neutral"
"Choke job","negative"
"Are we sure this comeback wasn’t part of the rigged storyline? My god ","uncertain"
"Two games where the coach could have made the difference. ","neutral"
"HAHAHAHAHAHAHAHAH EAT IT HATERS! ","negative"
"Ogugua!","neutral"
"HISTORICAL CHOKEE 😂😂😂","uncertain"
"We know exactly how you feel and sympathize with you Spurs fans🤣","neutral"
"Draymond Wembanyama is a class a choker","neutral"
"After this performance the Spurs deserve to lose the series.","neutral"
"That was ridiculous.","negative"
"I'm glad I didn't bet on this shit","neutral"
"WEMBY WITH THE ELITE CHOKE ","negative"
"GO KNICKS!!!! Fuck the Spurs, fuck that Alien!! Let’s goooooooooo","negative"
"what a game","neutral"
"Why did fox shoot that last one. What a bum","neutral"
"Why didn't Fox dribble it out for gods sake ","neutral"
"NbaTalk called Jokic a choker meanwhile Wemby out here missing both FTs and doing that shitty pass in game 2","negative"
"AMZING GAMES!!!! FUCK YEAH THIS IS BASKETBALL!!!","negative"
"Dammit.

This is a bigger choke than Game 6 2013","negative"
"Ngl I am done supporting the spurs all texas teams have this terrible curse - Rockets & Cowboys fan","uncertain"
"29 point comeback is absurd. I didn’t thunk it was possible","neutral"
"That was the most pathetic second half of ball I've ever seen and Mitch Johnson is out of his league. ","neutral"
"#WHOA","neutral"
"Goated. Game of the year!","positive"
"Fox has robbed the Spurs organization ","neutral"
"Wow, unreal.  Spurs just collapsed. ","mixed"
"I'm done watching the finals this year, it's a wrap. Well played Knicks","neutral"
"HAHAHHAHAHAH","neutral"
"No Trump and they win. Simple","positive"
"THANK YOU STEELY DAN!!!!","positive"
"Well I’ll be damned","negative"
"What an incredible game","neutral"
"LMAO, this game was *over*. How do you choke this bad?","mixed"
"GET FUCKED","negative"
"HAHAHAHAHAHAHAHAHHAHAHAHHAHAHAHAHAHAHAHAHAHAHAHAHAHAHAHAHAHAHAHAHA","neutral"
"I really don't see how SAS can come back from this.

Absolutely nuts","negative"
"I've never seen a team so nervous up 20+ at the half in the finals ever. Then the vet of the team had a god awful mistake at the end of the game. 

Spurs missing Pop real bad.","negative"
"Spur just threwGame 2 and 4. Brutal pure brutal.","negative"
"OH MY GOD","positive"
"ANUNOBY FOR MVP ANUNOBY FOR MVP ANUNOBY FOR MVP ANUNOBY FOR MVP ANUNOBY FOR MVP ANUNOBY FOR MVP","neutral"
"San Antonio “Atlanta falcons” Spurs","neutral"
"OG oh my","neutral"
"CHOKE ASS BITCH SPURS, GET FUCKED

KNICKS IN 5","negative"
"Let’s goo","neutral"
"How do you not take high percentage shots and just get 2’s down low with Wemby once up 30 pts? Coach needed to cut the 3 balls off ","neutral"
"Knicks got a well deserved championship. No way spurs come back from this.","neutral"
"Fire Mitch Johnson","negative"
"YA GOTTA BELIEVE","neutral"
"Great 2nd half from the Knicks. Brunson slowly boiled this team in the 3rd. OG is so good. Series ends in San Antonio","positive"
"Fuuuuuck yoooouuuuu","neutral"
"Beautiful. Beautiful, I tell you.","positive"
"Best finals game ever. Despite the refs trying to force the opposite outcome. ","positive"
"Man. Nuggets fan just pulling for the Spurs - this was brutal. Experience I guess. ","uncertain"
"Goodnight haterssss this is Fucking NY knicks ball bing bongggggg","negative"
"I don’t believe what I just saw ","neutral"
"Choke of the century.","negative"
"Not gonna lie I would have left to the parking lot after the half.","neutral"
"GENERATIONAL FUMBLE ","neutral"
"I WITNESSED HISTORY ","neutral"
"what a crazy turnaround for the knicks","negative"
"9/25 for my goat lmaooo","neutral"
"LETS GOOOOOOOOOOOOOOOOOOO WHAT A FUCKING GAME","negative"
"Some of the worst basketball I have ever seen. Pure stupidity from the Spurs.","negative"
"Generational collapse! Totally complacent second half from the Spurs. Knicks didn't even look that good - Spurs just disappeared","mixed"
"Fox is prolly gone","neutral"
"Oh my goodness - wow - Biggest Comeback EVA!","positive"
"Wemby sucks lmao","positive"
"29 FUCKING POINTS LEAD LMAO","uncertain"
"Obvious foul on castle at the end. And a back court they just blew by. Congrats ny you pieces of shit","negative"
"You can take a Fox out of the Kangz, but you can’t take the Kangz out of Fox.","neutral"
"Wemby missing 2 free throws in a row in the clutch lmao ","positive"
"SUCK OUR NEW YORK DICKS!","negative"
"Holy fucking chokejob by the Spurs.","negative"
"GOD MIGHT BE REAL WHAT THE FUCK","negative"
"Congrats to the Knicks on winning the championship, there's no way the Spurs come back from that","positive"
"I HAVE SO MANY EMOTIONS ","neutral"
"FUUUUCKKKK YEEEESSSSSS","neutral"
"Lol choke at the highest levels","neutral"
"OG should be FMVP holy hell what a baller","negative"
"How do they do this every god damn time ","neutral"
"Knicks better bring Taylor to San Antonio!","positive"
"ALL TIME FUCKING CHOKE!!!!!!!","negative"
"Mitch Johnson is a basketball terrorist","negative"
"What a choke. ","negative"
"Biggest choke in NBA history! ","negative"
"That is the craziest sports game since 28-3","negative"
"Yeah, pro sports is definitely fake. Or Mitch Johnson shouldn’t even be allowed to fucking land in San Antonio","negative"
"lol f*ck the spurs and their smug asses in the first half","positive"
"Let’s go Knicks","neutral"
"I DONT KNOW WHAT IM WATCHING LOL","positive"
"Spurs fans where y’all at now? Ya boy wemby can’t flop his way outta the biggest choke in nba history ","uncertain"
"Lmao","positive"
"I can’t believe I missed it with the TV on in front of me lol. I muted it when they were like 30 down and started playing my computer game, only to look with a minute left and it’s tied ","positive"
"Man, how do you lose that game. Brutal brutal for the spurs ","negative"
"Yeah f the spurs. f wemby that sour pussy","neutral"
"Props to the Knicks. Huge comeback","neutral"
"Sorry Spurs fans, this isn't personal... but they deserved that loss. 

Absolutely ridiculous. ","negative"
"Goddamn what a rollercoaster","negative"
"insane. 

and OG totally **NONCHANLANT**","negative"
"Wooooow","neutral"
"incredible comeback. holy shit.","negative"
"Wow. Biggest choke I’ve ever seen in my life!","mixed"
"KAT CRYING PANNED TO OG POKER FACE SENT ME ","negative"
"People in here said Wemby was in their head and playing 4d chess and missed two important free throws. I want you to remember these are human beings and get momentum and shook like the rest of us. This is why you admire their greatness but don’t bounce on it like they have the super soldier serum.","positive"
"Terrorists won ","positive"
"Wemby just soft. Embarrassing ","negative"
"Every Knicks fan is thanking God trump wasn't there.","positive"
"Spurs fans will be safe in NYC tonight","neutral"
"OG should be MVP ","neutral"
"Wemby was done in those last free throws","neutral"
"Biggest choke I’ve seen. GG knicks","negative"
"That's insane. Shoutout to Fox for letting his foot off the gas super hard in the 3rd quarter. Dude was smiling and shit after every mistake lol. That's not veteran vibes.","mixed"
"Are you fkn serious","neutral"
"FUCK ALL THE HATERS THIS IS OUR YEAR","negative"
"Undoubtedly the best game of basketball I've ever witnessed","positive"
"GOD BLESS TAYLOR SWIFY","positive"
"Jesus Christ I thought the Spurs had it in the bag, what a way to make history for New York","neutral"
"Remember when Seinfeld was 41 dating a high schooler?","neutral"
"You can put this choke job on Mitch. Absolutely abysmal job in the 4th quarter.

","negative"
"Series is over","neutral"
"That win was all OG idgaf","positive"
"nice final play lmaooooo","positive"
"The don’t even show the players lmao. ","positive"
"At least spurs fans won’t be assaulted ","neutral"
"LEGENDARY CHOKE HOLY SHIT","negative"
"Lol, biggest choke of all time. San Antonio clowns","mixed"
"We just witnessed a classic","neutral"
"OG is the goat","neutral"
"Wow, this fucking insane, hopefully the Knicks fan don't set someone on fire literally.","mixed"
"Yeah that’s crazy","negative"
"UNREAL","neutral"
"Dont foul","negative"
"Best. Comeback. Ever.","positive"
"OMG this is nuts ","negative"
"Hahahaha, Wemby flops!!! ","negative"
"This was so stressful lol. ","positive"
"OG for FMVP. ","neutral"
"Knicks in 5!!!!","neutral"
"Insanity ","negative"
"This is some king of new york shit","negative"
"Stayed up late for nothing. Awful hate watch ","negative"
"it's over. that's the series","neutral"
"Wow the choke job, insane","uncertain"
"Bro....","neutral"
"30 point lead down the shitter ","neutral"
"Holy shit","negative"
"I was here to witness the greatest comeback in NBA history ","positive"
"From someone rooting for the spurs and hating on Knicks fans...gg Knicks team. OG unreal ","negative"
"Oh look that Castle headsnap didn't work","neutral"
"Fox absolutely selling this game","neutral"
"HELL YEAH KNICKS!","negative"
"Wtf happened in 4th quarter!!!??","negative"
"Worst coaching performance in finals history ","negative"
"Game was crack ","neutral"
"Nah no way","negative"
"Looks like Taylor Swift record remains unblemished.","positive"
"Fucking shitters blew a 30 point lead after halftime and didn't even get a shot up at the end, never put wemby in goat conversations ever again. ","negative"
"Where's all that shit talk now?","negative"
"Holy chokejob batman","neutral"
"Unreal","neutral"
"Trailed by 29 points. Greatest Finals comeback in history.","positive"
"That’s series. That’s like bron willing us back for JR to ruin it","uncertain"
"how do you recover from this","neutral"
"I was here","neutral"
"Holy shit, what a complete meltdown.","negative"
"I'm speechless. Unbelievable ","negative"
"What the hell did I just watch lmao","uncertain"
"Wow. Biggest choke ever","mixed"
"FADED","neutral"
"despite the refs hardest efforts knicks pull it out (⏸️)","uncertain"
"Oh God this is amazing comeback! What heart and fire the Knicks have!!!","positive"
"Epic Choke job","negative"
"Wowza that was pretty cool ","positive"
"Let’s go Hurricanes","neutral"
"Fox lost that game","negative"
"hahahahahaha move the Spurs to Montreal dawg","neutral"
"SPURS ARE SOOO DUMB!! THEY DESERVE ALL OF THIS. WOW. I HATE THE KNICKS BUT THEY BETTER WIN NEXT GAME AND CLOSE THIS OUT. Spurs, I am just lost for words.","mixed"
"Miracle at MSG.","positive"
"THANK YOU, SPURS","positive"
"I was here","neutral"
"All time fumble ","neutral"
"Absolutely insane comeback from the Knicks, HOW DO YOU CHOKE THAT BADLY WITH WEMBANYAMA ON THE TEAM? WHY PUT DE’AARON FOX OUT THERE OVER HARPER? ","negative"
"FUCK YOU ","negative"
"I mean... that definitely was a foul at the end lol","uncertain"
"How was that not a foul?","positive"
"if the refs are fair spurs win tonight, happens ","positive"
"I never wanna hear Knicks fans talk about a game being rigged ever again. Castle was fouled there and no call ","neutral"
"Olivia Benson was there?","neutral"
"holy fuck. I’m at the gym and everyone stopped in the middle of their set to watch the game

Whole gym erupted when bro hit the game winner. actually wild","uncertain"
"Lmaoooo spurs","neutral"
"OG Anunoby might be the GOAT","neutral"
"What a fucking game","negative"
"Og annunoby had a fucking game","negative"
"Greatest playoff run ever continues ","positive"
"Bro just went for the flop, didn't even try to shoot it","negative"
"Can't even believe what we just witnessed. Wow. Wow.....","positive"
"Did Castle just try to bait to win the game hahahahahhaha","positive"
"Predicted this would happen in the third quarter unironic","neutral"
"Biggest choke in SPORTS HISTORY","negative"
"FUCK THAT FRENCH PUSSY

FUCK THE REFS  
AND FUCK TEXAS ","negative"
"LETS GO KNICKS","neutral"
"I’m moving to New York now baby that’s incredible ","neutral"
"holy fucking shit most insane comeback of all history","negative"
"I was there.

Well, I mean, I wasn't *there*, cause fuck $20k tickets

But I was watching. On my TV. And I was there.","positive"
"I TOLD YOU I TOLD YOU I TOLD YOU!!!!!!! I TOLD YOU ALLL I TOLD YOU ALL!!!!","neutral"
"Congratz Knicks on winning the NBA 2026 championship. Spurs ain't coming back.

It's over. ","positive"
"Hey what's up OG -Suni Lee (probably)","neutral"
"GAME. SCARVES.","neutral"
"This one is one the coach. How the hell do you give up a 29 point lead?","negative"
"Team of destiny","neutral"
"Generational choke !! Down to very last Knicks basket unbelievable ","negative"
"[called it](https://www.reddit.com/r/nba/s/pVLjzPiZGC)","neutral"
"OG reminding everyone he’s been here before 🤣🤣🤣","uncertain"
"Coach lost them that game. They had KAT in foul trouble and kept shooting 3s","negative"
"NO FUCKING WAY","positive"
"Wow","positive"
"Damn. I wish they could win it at the Garden though.","positive"
"Fox made like 4 incredibly low IQ plays in a row ","positive"
"HAHAHA SPURS FANS","positive"
"Holy fucking shiiiitttt!!!!! Go knicks!!!!!!","negative"
"What the fuck did i just watch 

","negative"
"What a fucking game ","negative"
"How the fuck ","negative"
"Is that OG or Kawhi?","neutral"
"Damn all time choke","negative"
"This is our 28-3","neutral"
"Lmao what!?","positive"
"That’s almost as good as the first leg of psg and Bayern. Incredible stuff ","positive"
"ALL TIME GREAT","positive"
"That might have been the worst 24 minutes of my life.

And I’ve been to jail ","negative"
"was that not a foul?","positive"
"YES! SUFFER!","negative"
"What a terrible in bound pass. Tf was that ","negative"
"FRAUD ALERT! How big a lead do you need omfg","negative"
"LETS FUCKING GO","negative"
"CLOSE DOWN NEWYORK, GIVE TOMMOROW OFF

","neutral"
"that was a terrible pass omg he had a huge lane to the basket","negative"
"OH MY GOD","positive"
"What just happened ohhh my","neutral"
"Goodbye NYC 🫡","uncertain"
"Wemby is ass in clutch time ","negative"
"Spurs fans on suicide watch","negative"
"GGs knicks. well deserved. No lead is safe vs this team","negative"
"RIP all the NYPD dudes who are gonna deal with rowdy fans all night","neutral"
"Fox was brought to be the vet and has been awful in the clutch today. Literally gave the game away","negative"
"Wowowowowowowowoowow","neutral"
"Mitchell Johnson is Hamas with hair","neutral"
"Let’s just call it a series. ","neutral"
"We were all here to watch this moment....now let's go back to commercial","neutral"
"wow","positive"
"Only checked the score around half time and third quarter to see Knicks down over 20 and then 15. Now Knicks are up, holy fuck??","negative"
"LMAOOOOO SPURS WHAT HAPPENED?????","neutral"
"It’s over ","neutral"
"What fucking chokers lol ","negative"
"Spurs have collapsed every single game oh my lord ","negative"
"I called the epic comeback early in the second. ","neutral"
"Well that was an insane finish. ","negative"
"Absolute INSANE bottle job

Mitch Johnson is a fraud ","negative"
"Fuck me in the ass. I eat my words through my asshole. Knicks are incredible","negative"
"I FUCKING STAND CORRECTED","negative"
"RIP NYC tonight 🔥 🔥 🔥 ","uncertain"
"BING BONG","neutral"
"THANK YOU GUYS FOR WITNESSING HISTORY WITH ME","positive"
"SLEEP TIGHT SPURS FANS 🤣🤣🤣🤣🤣


NIGHT NIGHT 🖕","uncertain"
"Wemby legacy game ","neutral"
"First NBA game I’ve watched start to finish in years. How about that ","neutral"
"Deaaron fox going to hell ","negative"
"Taylor Swift really cleansed MSG from two demons Dolan and Donald","positive"
"Turrible","neutral"
"Fuck. What a squander. Time to go to bed.","negative"
"The Spurs coach might as well not show up to the next game after this. Just let Wemby call everything if you are going to be this invisible.","neutral"
"All the haters can suck my cock. Fuck yall in the first half. Fuck yall. ","negative"
"Get fucked Spurs and the haters the refs couldn’t save yall","negative"
"Spurs fans, avoid walking around NY. They will try and kill you because they’re terrible people","negative"
"If you blamed Trump for game 3, you have to give Trump credit for game 4 lmfao","positive"
"Omggggg everyone get in here and laugh! ","positive"
"Flopping on the final possession? Sad!","negative"
"Classic refs not calling an obvious foul because it's < 1 minute or whatever ","negative"
"KNICKS IN FOURRRRRRR","neutral"
"Spurs in 7","neutral"
"OG ANUNOBY YOU ARE THE GOATTTTTT","neutral"
"FUCK SPURSSSSSSSSSSSSSSSSSSS","negative"
"OG FUCKING DADDY","negative"
"LMAOOOOO","neutral"
"Spurs are a literal meme ","neutral"
"They’re really the team of destiny","neutral"
"Knicks win!!!!!","positive"
"GENERATIONAL CHOKEJOB LMAOOOO","neutral"
"yo wemby you might be cooked for future goat debates","neutral"
"Unreal. All time greatest fucking fumble.","mixed"
"Danhausen’s check finally cleared ","positive"
"holleeee fuck","negative"
"what an amazing game. This has just been an awesome finals","positive"
"FUCK THE SPURS FUCK WEMBY HAHAHAHAHA","negative"
"Taylor Swift broke the Trump curse","uncertain"
"HOLY SHIIIT BRO WHAT A GAME","neutral"
"Omggggg lolol","positive"
"THE KNICKS BROKE THE GDT EVEN","neutral"
"it was Jordyn woods purse yall","neutral"
"I can’t believe it dude ","neutral"
"BING BONG","neutral"
"HAHAHAHAHAHAHAAHAHAHA","neutral"
"We deserved to lose that. We're not winning the series after that bullshit","negative"
"Jerry Seinfeld: DONT HUG ME!!!","positive"
"Fuck all these celebrity losers. Show the fans. ","negative"
"Hahahahahahahahahahahahaha","neutral"
"YOOOOO OG","neutral"
"I was here","neutral"
"OG finals mvp ","neutral"
"Fox just did the stupidest shit ever with 10 seconds left lol","neutral"
"No fucking way ","positive"
"LMAO SPURS","positive"
"Wemby is trash","negative"
"AIR OG","neutral"
"Fire Mitch tonight Spurs. Tonight!!!","negative"
"The spurs don’t deserve to win","negative"
"HOLY SHIT","negative"
"Wow","positive"
"Of I’m the spirits I’m leaving their coach on the tarmac","neutral"
"Fuck Texas always and forever","negative"
"HAHAHAHAHA","neutral"
"L o fucking l","negative"
"What the fuck just happened?","negative"
"Executive order send in the national guard bro lmaooooo","neutral"
"Team of destiny. Wtf","negative"
"Unfuckinbelievable","neutral"
"wow","positive"
"Holy shit. Darron Fox needs to walk home. He might have single handedly lost that game at the end . TO, TO, missed shot, TO, BLOCKED SHOT, no box out ","negative"
"WTF","negative"
"Fox lol","positive"
"Down 20 vs the Knick and you in our trap b","neutral"
"Embarrassing for the Spurs holy","negative"
"lets fucking go, fuck the dirty ass spurs","negative"
"Garbage game","negative"
"OG!","neutral"
"Unreal. Fucking unreal.","negative"
"That was fucking insanity","negative"
"Fox lost them the game","negative"
"FUCK YESEEWAAA","negative"
"Oh no lol","negative"
"WOOOOOOOOOOOOOOOOOOOOO","neutral"
"OG!","neutral"
"Sad, Fox cost them the game. ","negative"
"I have stanned for Mitch but this was idiotic and on him","negative"
"holyfuckingshittttt","neutral"
"Oh wow that was an AMAZING play called up though, they were faking Wemby for Castle to be behind everyone, it just got defleccted","positive"
"what a fcking dumb play fox is lmao","neutral"
"Fox just hold the ball bro dangit","neutral"
"Fire Mitch Johnson right now!","negative"
"The scored 30 in the second half. Hahaha","positive"
"Team of destiny","neutral"
"Spurs are so lucky they managed to get a game this series","positive"
"Fucking LOL","negative"
"Holy crap ","negative"
"WOW","positive"
"Holy shit","negative"
"Castle just ended the game on a fucking flop ","negative"
"Can they stop filming these useless celebrities?","negative"
"Shat the bed ","neutral"
"I stg I don't want to see any more celebs dancing while the best thing they'll show of San Antonio are grainy ass videos of the Frost Center parking lot","neutral"
"ALL TIME CHOKE JOB THE ATLANTA FALCONS BREATH A SIGH OF RELIEF AS THEY ARE NO LONGER THE MOST PATHETIC CHOKERS IN AMERICAN SPORTS 😂🫵😂🫵😂","mixed"
"Fox must be betting on the Knicks.","neutral"
"OG is the MVP ","neutral"
"THE WEMY LEAD SPURS ARE THE BIGGEST CHOKERS IN NBA HISTORY","neutral"
"Spurs coach fell asleep ","neutral"
"LMAOOOOO SPURS NEED TO FIRE THEIR ENTIRE COACHING STAFF ","negative"
"HOLY SHIT...","negative"
"Wow. Spurs Wtf man","uncertain"
"WOW what an unbelievable meltdown. Absolutely ridiculous. Only one to blame is that asshat of a coach. I just lost all respect for Johnson as a coach.","mixed"
"NBA is cooked lmao. Refs refused to call a foul on NY entire 3rd qtr","mixed"
"Not as insane as the Haliban 2025","positive"
"Man I was told this was rigged","neutral"
"OG ANUNOBY HAVE MY CHILDRENNNNNN","neutral"
"The single most pathetic loss in NBA history. Wemby ain’t him. ","negative"
"OG is a NY god forever now","neutral"
"That’s my raptors OG OG","neutral"
"OMG

","neutral"
"WOOO TIME TO ASSAULT PEOPLE HEADING TO THE SUBWAY","positive"
"The greatest choke of all time ","neutral"
"Wow","positive"
"FUCK THR DOUBTERS","negative"
"The spurs fans will likely go back into hiding. That's rough after all the first half chatter 😂😂","mixed"
"fucking chokers holy shit","negative"
"OG ANUNOBY CLASSIC","neutral"
"Series is over","neutral"
"Series over, no way mentally you come back from this.","neutral"
"I have been watching sports for decades and this might have been the biggest choke I've ever seen.","neutral"
"ITS A MIRACLE","positive"
"\#LOLSPURS","neutral"
"Castle 😭😭😭","uncertain"
"HOLY FUCK WHAT JUST HAPPENED!?!?!?","negative"
"Knicks had me ruined all night","negative"
"Literally the biggest choke in nba history","negative"
"THIS IS OUR HOUSE. FOH","neutral"
"Couldn't Fox have literally done nothing and prevented that entire sequence? Just get fouled why try a shot ","neutral"
"KNICKS REMONTADA ","neutral"
"Unbelievable ","negative"
"This is bewilderingly bad by the Spurs.","negative"
"this aint real life","neutral"
"OG max contract \*tonight\*","neutral"
"O G Oh MY","neutral"
"Man, I’m glad I don’t have a dog in this fight. If I was a Spurs fan, I’d be on the ground crying.","mixed"
"Wemby didn’t spend enough time with the monks","neutral"
"Christ ","neutral"
"The greatest choke job in NBA playoff history?","neutral"
"SUCK A FUCKING DICKKK","negative"
"GAME OVER","neutral"
"Fox my god man","positive"
"Johnson is fucking ass","negative"
"THE KNIIIIIIIIICKS FUCKING DID IT","negative"
"Probably the most embarrassing loss I’ve ever seen. Absolutely shameful. Mitch is a moron.","negative"
"Unbelievable.","negative"
"Ugh","negative"
"Le Choke!","negative"
"wtf did we just watch ","negative"
"Wemby can suckkkk it ","neutral"
"Fox is quite literally a basketball terrorist.  I am in shock","negative"
"BEST GAME I'VE SEEN IN MY LIFE","positive"
"The Spurs are genuinely a joke. You cannot be up 29 in a game and 20 in the 4th quarter and lose a game. Absolutely pathetic ","uncertain"
"Holy fucking shit what a comeback ","negative"
"Fuck the Spurs, fire this fucking coach too.","negative"
"So what was up with the blatant back court?","neutral"
"That was a good play and had a chance. Just a terrible pass.","mixed"
"Ho. Lee. Fuck. ","negative"
"Spurs? More like the “Oh Durs”","positive"
"Wow they just lock in","positive"
"UNHINGED","neutral"
"OG is a baller","neutral"
"Disgusting collapse by the spurs. Absolutely disgusting ","negative"
"GET FUCKED ","negative"
"Witnessed history. ","neutral"
"OH MY GOD","positive"
"what a game. i hate the knicks and that was impressive. spurs tricked that shit off and may have lost the series because of it.","negative"
"LOL","positive"
"Absolutely embarrassing ","negative"
"Fox walks home ","neutral"
"HOT DAMN","negative"
"TAKE BACK EVERYTHING I FUVKIN SAID HOLY FUCK","negative"
"Spurs are a fucking joke lmao fire the hc ","uncertain"
"They’re going to make OG mayor ","neutral"
"wow, that hurt to watch. Dont know why fox tried to lay it in","mixed"
"[ Removed by Reddit ]","neutral"
"Spurs can’t hold their water if their life depended on it.","neutral"
"Hahahahahahahahaha","neutral"
"nah bro what was that last play","neutral"
"Omg","neutral"
"Fuck the Spurs lost","negative"
"AHHHHHHHH","neutral"
"Wemby some fucking ass 😂","negative"
"Y’all can thank Tswift for the good karma 😂","positive"
"Whaaaaaatttttt","neutral"
"Good for Brunson ","positive"
"Cue up the Reggie gif hahahahaha","neutral"
"This is wild","neutral"
"Anyone who says OG did that on purpose is the God of Cap, absolutely astounding win nonetheless ","positive"
"Daaaamn absolute insane comeback ","negative"
"Fox fucking sucks.","negative"
"GG that’s the series ","neutral"
"2nd time spurs head coach hasn't called a timeout in crucial moments","neutral"
"What a choke, Jesus christ","neutral"
"Spursy","neutral"
"Holy fucking shit","negative"
"Seriously disappointed by the spurs this time","negative"
"thats the series, you dont recover from that, embarrassing to lose that game spurs","negative"
"I can’t think of a franchise that deserves this less than the Knicks ","neutral"
"FUCK YOU","negative"
"Spurs bottled it hard ","negative"
"OG is the finals MVP ","neutral"
"WHY WOULD FOX TAKE A SHOT????","neutral"
"You have to fire Mitch Johnson ","negative"
"THIS OG ANUNOBY IS TOO FUCKING CLUTCH

","negative"
"Dylan harpers face watching that go in. Even was shocked too","negative"
"On God Anunoby","positive"
"DPOY left his man open to go tip it in. ","neutral"
"Oh my god that was awesome!","positive"
"What the fuck have we just witnessed ","negative"
"THE NEW YORK KNICKS","neutral"
"INSANE, fking INSANE GAME","negative"
"Jebus what a game.","neutral"
"Spurs should be fined and investigated for whatever the fuck that was","negative"
"What. A. Choke.","negative"
"HAHAHAHAHAHAHAHA","neutral"
"THE GREATEST COMEBACK IN NBA FINALS HISTORY ","positive"
"Fox 😭😭😭","uncertain"
"Lol if Fox just held on to that ball the Knicks would've foul","uncertain"
"Did D'Aaron Fox know that you can hold onto the ball?","neutral"
"Holy fuck","negative"
"OG just became a fucking NY legend lol","neutral"
"No fucking wayyyyyyyyyyyyy","positive"
"OH MY GOD????","positive"
"OG THE GOAT ","neutral"
"OG have my kids","neutral"
"I WAS HERE","neutral"
"Holy shit","negative"
"that was amazing","positive"
"OH MY GOD!","positive"
"Oooooooooooooooooo G!","neutral"
"HOLY FUCK OG","negative"
"Holy collapse","negative"
"Never a doubt","neutral"
" Spurs can’t blame nobody but themselves ","positive"
"That max contract to Fox is already hurting ","negative"
"Well at least I won’t be kept up by a bunch of honking?","neutral"
"Sean sweeneys job application by the Magic has officially been rescinded. what a fucking moron making Wemby switch out.","negative"
"WHY DID FOX SHOOT THAT

you’re up 1, shot clock is off. Hold the ball lmao, crazy decision making there","mixed"
"Mitch isn’t crazy. he thought he needed the 2 timeouts for the end. ","neutral"
"Wtfff that was the craziest thing I've seen","negative"
"If Spurs happen to win this from a De'Aaron Fox dagger of all things, I'll laugh my ass off.","neutral"
"OMGGG OG ","neutral"
"wtf just happened?! Omg! 🤯","negative"
"I can not imagine blowing that huge lead and then to go down 3-1 holy shit ","negative"
"Oggggggg !!!!","neutral"
"You can lose games, especially so young in the finals.

BUT the way Spurs have lost these games.......  I have no words.","negative"
"What’s the deal with last second baskets. I mean come on","neutral"
"WTF HAHHAHAHAHHA","negative"
"I'm gonna fucking vom","negative"
"What the fuck was that inbound? ","negative"
"Omg again ","neutral"
"Wemby lob is coming, game isn’t over yet ","neutral"
"Biggest choke job ever","negative"
"Disgraceful ","neutral"
"Hole leee fuck ","negative"
"Spurs playing historically stupid basketball in the 2nd half","negative"
"30 points in the second half by the Spurs. That's awful. ","negative"
"HAHAHHAHAHAHA","neutral"
"Fox too old to be making this dumbass mistake","negative"
"Fire mitch johnson","negative"
"i have never seen a team choke so hard in my life ","negative"
"Yeah this series is over as fuck now.","negative"
"IM IN YOUR HEAD BOY? GET YOUR ASS OUTTA HERE","negative"
"All time choke job holy fuck","negative"
"Knicks holding every player on that in bounds","neutral"
"One of the most stressful games I can remember but I feel like most finals are ","positive"
"shit play Mitch","negative"
"OG IS THE KING OF NEW YORK😍😍😍😍😍🥰🥰🥰","uncertain"
"Fox lost a shit ton of brain cells when he could’ve held the ball and got fouled. ","negative"
"Impossible 😂","positive"
"Mitch and Fox sabotaged the rest of the team ","neutral"
"Look like the play was gonna work, but it was a bad pass","negative"
"Historic","positive"
"LADS ITS SPURS","neutral"
"How the hell did this happen? ","negative"
"All on Fox bro. Wtf","negative"
"OG finals MVP!!!","neutral"
"Let's fucking go!!!!!","negative"
"FUCK THE SPURS ","negative"
"*""What uh game""*(BobbytheBrainHeenanVoice)","neutral"
"SPURS COLLAPSE HAHA","positive"
"WHAT JUST HAPPENED????","neutral"
"Anunoby is God, free drinks in NYC for life","positive"
"coaching disasterclass","neutral"
"Shit is rigged idc","negative"
"OG is definitely finals MVP","neutral"
"LMFAOOOOOOOO SPURS YOU SUCK ASS","negative"
"FUCK CASTLE, FUCK WEMBY, FUCK THE SPURS!!!!","negative"
"OG IS THE MAN","neutral"
"What a fucking bum ass job by the Spurs, how do you let this shit happen","negative"
"Fox decision making in the clutch needs to be studied ","neutral"
"holy fuck","negative"
"Wtf was Fox doing, all he needed to do was take possession and get fouled.

Gave the Knicks life and this tip in shit happens, cmon man","negative"
"Harper didn't touch the ball ever since he came in.. 🙃","uncertain"
"Why didn’t they add time?","neutral"
"Cmon spurs, send Taylor swift home a mad bitch ","negative"
"Fox turned around and watched.","neutral"
"Get ready to see Batman's no man's land come to life tonight.","neutral"
"I was here","neutral"
"talk talk talk ","neutral"
"Way fucking worse than our collapse lmfao. ","negative"
"I wanna die ","negative"
"What!!!!!!!!!!!","neutral"
"FIRE MITCH ","negative"
"I've seen enough OG Anunoby is the goat","neutral"
"Suck a fat one, Wemby!","negative"
"absolute choke, mega choke. Even last play, haha lets not give it to the 7'5 guy, lets use him as a decoy. Embarrassing.","mixed"
"Unbelievable ","negative"
"That was the worst last play I’ve ever seen. ","negative"
"If Fox dribbles that out he’s at the line up 1 with 5 sec to go. What the fucking hell.","negative"
"LMFAOOOOOO","neutral"
