text,label,notes
This post contains content not supported on old Reddit. [Click here to view the full post](https://sh.reddit.com/r/nba/comments/1u2iijv),Visceral Reaction,
Boy these games sure are rigged huh? /s,Hostile Trash Talk,
Mitch is being out coached to level that is stage 4 embarrassing.,Hostile Trash Talk,
The Spurs put out the worst half offensively that I’ve seen in so long. They looked completely lost. And Wemby gives them nothing in the pose somehow.,Game Analysis,
Did KAT deflect the pass?  Because that play was going to work for the spurs?,Game Analysis,
"Absolutely inexcusable. Spurs deserved to lose. Literally shot themselves out of the game thinking they were the 2017 Golden State Warriors.

MVP OG Anunoby",Visceral Reaction,
"Fox had 2 turnovers in a row, that started the Knick comeback",Visceral Reaction,
what the fuck,Hostile Trash Talk,
Fucking pathetic ,Hostile Trash Talk,
I PEED MY FUCKING PANTS AND I'M GONNA RUN THROUGH A WALL,Hostile Trash Talk,
What a fucking joke Spurs let the entire country down,Hostile Trash Talk,
"Fire Fox, Fire Mitch, Fire EVERYONE!",Visceral Reaction,
It’s never over til it’s over,Visceral Reaction,
"Holy churros, I don't believe knicks actually won.",Visceral Reaction,
Knicks fans about to be unruly out there tonight lol,Visceral Reaction,
"Welp that was painful to watch, congrats to the Knicks on the great comeback ",Visceral Reaction,
It's over. I’m sick of the Spurs building a lead early just to collapse in the second half,Game Analysis,
"what a comeback from the knicks, so many clutch plays at the end",Visceral Reaction,
Spurs with the worst meltdown of all time. Wemby is NOT future GOAT ,Visceral Reaction,
OG gets legend status for that,Visceral Reaction,
I'm shaking and I'm not even a Knicks fan. My adrenaline is pumping,Visceral Reaction,
You just can’t turn this team’s games off no matter what man ,Visceral Reaction,
I'm in you mind - aged like a rotten milk,Visceral Reaction,
"lol I stopped watching at halftime.

What the crap did I miss!?
",Visceral Reaction,
OG is so fucking tough. He was never worried,Hostile Trash Talk,
That is embarrassing for the Spurs 💀,Hostile Trash Talk,
"Unreal, Knicks team is so damn resilient ",Visceral Reaction,
No way dude!!!! Spurs L LMAOOOO,Visceral Reaction,
GG Knicks.  Wemby just a generational choker lol,Visceral Reaction,
FIRE MITCH JOHNSON,Visceral Reaction,
Thank you for bringing us back Taylor Swift! She wiped away Trump's bad juju!,Visceral Reaction,
What a game,Visceral Reaction,
What the fuck,Hostile Trash Talk,
Holy shit. I turned it off and saw they were only down 5. I couldn’t turn it back on because I didn’t want to jinx it. Time to go back and rewatch the comeback,Hostile Trash Talk,
Incredible choke ,Hostile Trash Talk,
Fox is gonna get dumped in the off-season. Harper and Castle are so much better than him,Visceral Reaction,
I turned it off and turned it back on before the last play 🤣🤣🤣🤣 what the fuck happened? ,Hostile Trash Talk,
"Spurs fans in shambles 

Absolute cinema 


Greatest comeback in NBA finals history ",Visceral Reaction,
The Spurs do so many things wrong with the game on the line.  It seems like it should be impossible to do them all in the same game.  It’s like a statistical anomaly,Visceral Reaction,
"This Finals has been embarassing for the Spurs, and sadly that's going to dominate much of the headlines even though the Knicks have been playing some of the most composed basketball I've seen since the Warriors or OG Spurs.",Visceral Reaction,
Is this like the best half time adjustment in NBA finals?,Game Analysis,
One of the legendary games,Visceral Reaction,
"OG scored 33 for his favorite player, Scottie Pippen.",Visceral Reaction,
LeChoke,Visceral Reaction,
Nice comeback by New York but the Spurs handed them that game. Which of these guards are they trading for a real point guard in the offseason? ,Visceral Reaction,
Just witnessed history ,Visceral Reaction,
Spurs coach is gone. No excuse for blowing a 29 point lead 🤦‍♂️,Game Analysis,
Unbelievable. This Knicks team just does not give up. This is an incredible playoff run.,Visceral Reaction,
AHHHHHHHHHHHH,Visceral Reaction,
honestly what a fucking game,Hostile Trash Talk,
This is the greatest thing I've ever watched in my life ,Visceral Reaction,
Say fucking wallahi bro ,Hostile Trash Talk,
WHAT THE FUCK JUST HAPPENED,Hostile Trash Talk,
Fox not built for the moment and Wemby choking on those FT’s. Bro just fucking rest and get your head straight,Hostile Trash Talk,
Unreal. Second worst championship meltdown I’ve seen in any sport.,Visceral Reaction,
Hahahahahhaa FUCK THE SPURS,Hostile Trash Talk,
"If Fox didn't try that lay up, the game would've been over",Visceral Reaction,
WOOOOOOOOOOW SPPEEEEECHLESS,Visceral Reaction,
rooting for the spurs as a non fan but can't even be mad. knicks earned that shit. fucking crazy.,Hostile Trash Talk,
Hart feeling the biggest weight off his shoulders right now.  Holy shit. ,Hostile Trash Talk,
AHHHHHHHHHHHHHHHHHHHHHHHHHHHHH,Visceral Reaction,
fade me,Visceral Reaction,
GREATEST COMEBACK OF ALL TIME HAHAHAHAHA ALL THE SPURS FANS CHIRPING EARLIER IN THE GAME YOU GUYS ARE FRAUDS,Visceral Reaction,
LFGK!!!,Visceral Reaction,
Wemby was born for late game alley oops. How don’t you try to get a lob to wemby. Tallest player on the floor,Visceral Reaction,
Those missed free throws will haunt Wemby for a long time ,Visceral Reaction,
can’t believe what I witnessed. OG hang the jersey in the rafters. ,Visceral Reaction,
Hahahahahahahaha hahahahaha hahahahaha!!!! Ahahahahahahahahah the haters are fuckinG DEAD LMAOOOOOOOOO!!!!!,Hostile Trash Talk,
I'm so stunned,Visceral Reaction,
omg,Visceral Reaction,
I can't wait to drink the tears of these Spurs fans talking all that smoke an hour ago.,Visceral Reaction,
"I mean if you're the Spurs you can't even be mad. You're doing this to yourselves. Fox is a fucking moron, and Wemby is such a coward/dumbass because he refuses to play in the paint. Quite literally taking himself out of the game every single game. You could pay me 1/100th of what you pay Mitch, Wemby and Fox, and I could give you equal production lol",Hostile Trash Talk,
"Even after all that stupid shit - Game was won... fox random layup attempt was horrific, not taking a timeout, horrific, just completely awful coaching and stupidity.",Hostile Trash Talk,
There's no coming back after that. Series over.,Visceral Reaction,
So much mental lapses from Fox man holy shit,Hostile Trash Talk,
I cannot get over how the spurs had the ball with 10 seconds left and went for a contested layup over making the Knicks foul.,Game Analysis,
OG is a champ. Props to him on that play. Wemby’s gonna be scary next year. I expect a Giannis-like glow up next season. ,Visceral Reaction,
#OG OG OG OG OG OG OG OG OG OG OG OG OG OG,Visceral Reaction,
Craziest basketball game ever,Visceral Reaction,
Best comeback in NBA finals history,Visceral Reaction,
lol just give them the title at this point,Visceral Reaction,
All Fox had to do was hold the fucking ball. How stupid is he?? ,Hostile Trash Talk,
I cannot believe what the fuck I just watched. ,Hostile Trash Talk,
Fox was an idiot. Should have held the ball ,Hostile Trash Talk,
OG? More like MJ!,Visceral Reaction,
I have never been so embarrassed to be a Spurs fan in my entire life. ,Visceral Reaction,
This shit is faker than the WWE and I'm rooting for the Knicks ,Hostile Trash Talk,
Mitch Johnson just lost his job,Visceral Reaction,
"This comeback is like, top 3 ball moment of all time for me lmao ",Visceral Reaction,
Embarrassing for the Spurs. They did it to themselves. Choked twice now smh ,Hostile Trash Talk,
Seeing OG succeed like this feels so fucking good man. Im so happy for him. ,Hostile Trash Talk,
A masterclass of choking never before seen!,Visceral Reaction,
Biggest choke i ever seen. And i just watched my team give up a 22pt lead lmao,Hostile Trash Talk,
"**GAME 4 final** 

# 212 BLOCK PARTY 🗽107

# 210 FIESTA 👢106",Game Analysis,
Ship Fox to the wizards. ,Visceral Reaction,
"I love basketball man, incredible comeback, it’s never over! ",Visceral Reaction,
I am shaking ,Visceral Reaction,
Jesus. I don’t think San Antonio can recover from this. This is just psychologically devastating.,Visceral Reaction,
Hahahahahahahaha,Visceral Reaction,
Spurs managed only 30 points entire second half after scoring 41 and 35 first 2 quarters lmao.,Game Analysis,
Not showing the final play where there is a clear foul is fuckin’ criminal ,Hostile Trash Talk,
Get ready NYPD,Visceral Reaction,
WTF is this real life?,Visceral Reaction,
Welp you guys prepared to endure the most annoying fanbase in all of basketball history this offseason?,Visceral Reaction,
HARDWOOD CLASSIC! ABSOLUTE HARDWOOD CLASSIC,Visceral Reaction,
They didnt even run it for wemby lmao,Visceral Reaction,
"They acting like they just won the banner 🤣   
Took a historic comeback to not lose all their home games.",Visceral Reaction,
Fox is trash,Hostile Trash Talk,
any time i see kornet or fox i start praying and god never hears my prayers,Visceral Reaction,
Low basketball IQ or rigged ,Hostile Trash Talk,
What a choke wtf,Hostile Trash Talk,
Move over 28-3. There's a new choke in town. ,Hostile Trash Talk,
fuck you bitch ass losers … bring out all the comments talking smack about Brunson this Brunson that. He made a donkey out of the Texas river walk idiots. Go back to them fat ass churo eating SA women!,Hostile Trash Talk,
OMGGGGGGGG    Knicks all the way....  these dirty spurs got favored by the refs and nba....,Visceral Reaction,
Man that's embarrassing as fuck 😆 🤣 😂 ,Hostile Trash Talk,
HAHAHAHAHAHAHAHAHA CHOKKEEEE,Visceral Reaction,
Spurs lost the game simply due to inexperience ,Visceral Reaction,
OG lowkey sounds like SpikeLee lol ,Visceral Reaction,
Holy fucking shit what an amazing game!,Hostile Trash Talk,
Absolute madness,Visceral Reaction,
Disgusting,Visceral Reaction,
Search every betting site ever for the name De’Aaron Fox,Visceral Reaction,
How do you lose a 30 point lead! ,Visceral Reaction,
all your gfs are OGs now ,Visceral Reaction,
"Analytically the Knicks just got swept. 

LGK",Visceral Reaction,
Spurs guards are awful lmao,Visceral Reaction,
OG LEGACY GAME,Visceral Reaction,
Atrocious stuff from the Spurs. Mitch Johnson has to go and SA needs to get a real #2 for Wemby. Just wow.,Visceral Reaction,
Reddit is broken haha,Visceral Reaction,
Hopefully this means no Spurs fans will be brutally assaulted in the streets. Won’t hold my breath though ,Visceral Reaction,
HOLY FUCKING SHIT,Hostile Trash Talk,
Witnessed history ,Visceral Reaction,
OH MY GODDDDDDD HOLY FUCKKKKKKKKKKKKKKKK LETS GOOOOOOOOOOOOOOOOOOOOOOOO,Hostile Trash Talk,
what on earth is going on with mitch johnson? no timeout with 10 seconds left and drawing that same shitty lob to stephon play that never works,Hostile Trash Talk,
Even Larry David looked plussed by that tip in,Visceral Reaction,
"wtf was fox doing! He could’ve just wasted time, they would’ve fouled him ",Visceral Reaction,
Spurs fans in NYC are genuinely in danger man. Absolutely brutal to watch. ,Visceral Reaction,
LMAOOOO WEMBY WYA ,Visceral Reaction,
There is no way I just watched that happen,Visceral Reaction,
greatest choke ever. What a fucken game.,Hostile Trash Talk,
Let’s read the spurs copium,Visceral Reaction,
What was that ending!? Cassle even has a wide open shot and flubbed it.,Visceral Reaction,
We need your apologies you pieces of shits!!! HAHAHAHAHHA ,Hostile Trash Talk,
"OMFG!!!

WTF have I just witnessed, this shit is insane, I thought this was over with the 2 KAT fouls in minute 1, let aside when they were down by 29 points.

I don't even like the knicks but this shit was insane.",Hostile Trash Talk,
Fuck yeah,Hostile Trash Talk,
Fox doesn’t shoot they win. What a choke. Hahahahahahahahahahaha,Hostile Trash Talk,
Genuinely the best hatewatch of all time. OG & Brunson y’all have my respect ,Visceral Reaction,
WHAT A GAME ,Visceral Reaction,
Are the spurs the biggest frauds in NBA history now?,Visceral Reaction,
Fox needs to be investigated wtf was he thinking ,Visceral Reaction,
GET FUCKED SPURS SHITHEADS,Hostile Trash Talk,
OG GOAT ,Visceral Reaction,
Ball don’t lie! What a generational choke job. Never thought I’d be routing for the Knicks ,Hostile Trash Talk,
Taylor Swift > Donald Trump,Visceral Reaction,
That’s my boy OG!!!! ,Visceral Reaction,
Was it Fox who didn’t make them foul him with 10 seconds left up by one?,Game Analysis,
Fox blew the game wtf ,Visceral Reaction,
"This was my first basketball game, is this how it normally goes ",Visceral Reaction,
"What a collapse. Fox is absolute shit, so many boneheaded plays ",Hostile Trash Talk,
WHAT THE HELL JUST HAPPENED!!!!???? OMGGGGGG,Visceral Reaction,
Spurs don't deserve to comeback just end it. World Cup is here,Visceral Reaction,
OG IS SO FUCKING GOOD,Hostile Trash Talk,
Whaaat a gaaaame! Both teams got heart but can tell Spurs still needs more playoff experience ,Visceral Reaction,
THE BEASTERN CONFERENCE ONE WIN AWAY,Visceral Reaction,
What the fuck just happed?? ,Hostile Trash Talk,
How many comments does it take to break reddit?  This many,Visceral Reaction,
Fox just needed to hold the ball instead of the layup attempt ?,Visceral Reaction,
That OG tip....... oh my,Visceral Reaction,
Benson and Stabler this is for you,Visceral Reaction,
xz retse4bvtgsergnmse54ngm4trhnsertbhghrsrebrbgsdergsedrg,Visceral Reaction,
Incredible throw by the Spurs,Visceral Reaction,
We fucking suck bro,Hostile Trash Talk,
Fox trying to be a hero going for that layup cost the Spurs the game ,Visceral Reaction,
Fox has always been a fucking loser.  Lmao.  ,Hostile Trash Talk,
Lmfao fuck wemby and the spurs ,Hostile Trash Talk,
I can’t believe what I saw,Visceral Reaction,
Wonder how many Spurs fans will get assaulted by celebrating Knicks fans tonight ,Visceral Reaction,
YALL MFS DOUBTED USSSS,Visceral Reaction,
Thanks for the momentum r/wutang for the children   ,Visceral Reaction,
wtf ,Visceral Reaction,
c i n e m a,Visceral Reaction,
CHOKE ARTISTS,Hostile Trash Talk,
This is the NBA equivalent of 28-3,Visceral Reaction,
THANK GOD OMG,Visceral Reaction,
Really spurs yall knew they wasn’t giving yall a foul there,Game Analysis,
Damn spurs fans you guys were running your mouth like crazy. Must feel so bad rn ,Visceral Reaction,
"How tf can you ever root for Fox again if you’re spurs fan, bro the game was fucking over, hold the ball and the clock had 7 seconds left. What a complete fucking idiot ",Hostile Trash Talk,
All fox had to do was hold the ball. Fucking moron. ,Hostile Trash Talk,
What an unbelievable finish,Visceral Reaction,
"We definitely deserve the shame tonight, we went from unreal playing to this ahah",Visceral Reaction,
THE CHOKE OF A LIFETIME ,Hostile Trash Talk,
Imagine if Spurs would actually give the ball to Harper over Fox in late game situations ,Visceral Reaction,
Holy fuck,Hostile Trash Talk,
#HAHAHAHAHAHHAHAHAHAHHAHAHHAHAHAHAHAHA,Visceral Reaction,
Knicks fans deserved this,Visceral Reaction,
Historical chokejob,Visceral Reaction,
Fox is fucking trash,Hostile Trash Talk,
Spurs are ass lmfaooo,Hostile Trash Talk,
Knicks are just a better team bruh,Visceral Reaction,
OG is the greatest nba player tonight,Visceral Reaction,
Wow. Spurs +Refs <<< Knicks,Visceral Reaction,
Well deserved Knicks,Visceral Reaction,
Ridiculous choke job.. absolutely disgusting ,Hostile Trash Talk,
"Spurs fans, is this worse than the Ray Allen shot?",Visceral Reaction,
How the fuck do you shoot up 1 with the ball ,Hostile Trash Talk,
IM GOING TO THROW UP,Visceral Reaction,
“EASY WHEN YOU HAVE THE BEST PLAYER ON EARTH”,Visceral Reaction,
"Wow...that's an embarrassing loss, Spurs.",Hostile Trash Talk,
"We'll be good one day, but we're fucking bums right now. Historical bums. Gonna go down in history as the biggest bums in NBA playoff history.",Hostile Trash Talk,
I love how reddit is still so dog shit in 2026 that it can't keep up with a few extra thousand comments lmao,Hostile Trash Talk,
The better team is going to win the championship. Spurs are not ready yet. ,Visceral Reaction,
Mitch Johnson and Fox please do not come back to San Antonio ,Visceral Reaction,
"give OG the fucking bag, the key to new york, a statue, a new bridge",Hostile Trash Talk,
What the fuck did I just witness?,Hostile Trash Talk,
Wemby pack it up go eat some twinkies,Visceral Reaction,
Yoooooo WHAT THE FUCK WAS THAT LOL,Hostile Trash Talk,
"If I told you the team that was up by 29 at half and set a record for made 3s in the playoffs lost the game, you'd call me a fucking liar",Hostile Trash Talk,
I’m shaking Jesus Christ ,Visceral Reaction,
"Biggest choke in NBA history, no exaggeration ",Hostile Trash Talk,
"Hard to respect the Spurs after that. Hard to respect the Knicks for those made 3s. They were at 100%, it’s so improbable it’s disappointing",Visceral Reaction,
Does the west see the gap in our power now?,Visceral Reaction,
"CHAT SHIT, GET BANGED",Hostile Trash Talk,
yeah fuck you spurs fuck you refs and fuck you wemby. disgusting all of you,Hostile Trash Talk,
"Incredible, fucking incredible ",Hostile Trash Talk,
knicks a 4th quarter merchant,Visceral Reaction,
Bro holy shit,Hostile Trash Talk,
FINALS MVP THATS MY GOAT OG,Visceral Reaction,
"Spurs youth choked hard.  They’ll be back, but what a choke.",Hostile Trash Talk,
This is not good for my heart ,Visceral Reaction,
OG IS MY GOAT,Visceral Reaction,
Why the fuck did Fox shoot it after getting ball after that Brunson miss with like 10 secs to go? ,Hostile Trash Talk,
HAHAHAHA!!! Ahhhhhh hahahaha!,Visceral Reaction,
Rigged.,Hostile Trash Talk,
Worst shit since JR Smith,Hostile Trash Talk,
Pretty….pretttttty good,Visceral Reaction,
No fucking way ,Hostile Trash Talk,
Fox gotta go in the offseason. Just boneheaded decisions every game this playoffs,Visceral Reaction,
I guess those fans got their money's worth after all,Visceral Reaction,
Holy shit NY,Hostile Trash Talk,
Stop showing me Jerry Seinfeld ,Visceral Reaction,
Absolutely insane. Unbelievable ,Visceral Reaction,
ARE YOU NOT ENTERTAINED!!!! ,Visceral Reaction,
OG so tufffff,Visceral Reaction,
This is karma. You made fun of the Lakers with the goofy halftime graphic only to pull off the biggest chock job in NBA history.,Visceral Reaction,
glad you guys got your 15 minutes of shit talking in ,Hostile Trash Talk,
Fox is the knicks mvp,Visceral Reaction,
Fox fucking up that layup instead of burning clock was moronic.,Hostile Trash Talk,
"Spurs with an insane 30 points in the second half 

Fraud ass team 🤣",Hostile Trash Talk,
ITS QUIET NOW ,Visceral Reaction,
Generational choke by Spurs,Hostile Trash Talk,
OG is not human ,Visceral Reaction,
WHAT A MOG BY OG HOLY FUCK,Hostile Trash Talk,
"Shits rigged. ""Largest comeback of all time"" blow me fuck this noise. Draft kings and fanduel happy with all their bet money aren't they ",Hostile Trash Talk,
EVERY FUCKING SPURS FAN CAN GO FUCK THEMSELVES,Hostile Trash Talk,
Popp is rolling around in his grave,Visceral Reaction,
Think long and hard about how you blew the biggest lead in NBA finals history over the next 2 days. ,Visceral Reaction,
HOLY FUCK! WHAT a comeback for the knicks and chokejob for the spurs ,Hostile Trash Talk,
Man the nba didn’t do a good job of fixing this one. Spurs are toast. ,Visceral Reaction,
Fox is one of the worst basketball players I have ever had the pleasure of watching. ,Visceral Reaction,
Dman dude that was sick,Visceral Reaction,
"Grats to the Knicks, not a bandwagon fan but dang they’re good…",Hostile Trash Talk,
Fox fucking sucks dude,Hostile Trash Talk,
"29 point comeback! Fucking hell!!!

Bandwagoners go home 🤪😂",Hostile Trash Talk,
THE TRUMP CURSE HAS BEEN BROKEN,Visceral Reaction,
i believe.,Visceral Reaction,
What a comeback by the Knicks. Holy crap. ,Visceral Reaction,
As a fan of a moribund franchise owned by a worthless moron nepo baby the Knicks pulling this off gives me hope.,Hostile Trash Talk,
YOULL NEVER LIVE THIS DOWN SAN ANTONIO. GO FUCKING KNICKS TALL EARNED THAT MUGG ,Hostile Trash Talk,
Now lets go beat up some more Spurs fans... right guys?!,Visceral Reaction,
lol how lucky can you get? smh,Visceral Reaction,
Legendary,Visceral Reaction,
Holy shit that blown lead will haunt them for the rest of their careers.,Hostile Trash Talk,
Wooooow what a game,Visceral Reaction,
Historic choke,Hostile Trash Talk,
holy fuck Spurs that was just some straight ASS,Hostile Trash Talk,
Fuck the whole Spurs you all suck HAHAHAHAHAHAHAHAH,Hostile Trash Talk,
[ Removed by Reddit ],Visceral Reaction,
Sperms just lost the unlosable ,Visceral Reaction,
Well that’s the series. Way to blow it Spurs ,Visceral Reaction,
my goodness,Visceral Reaction,
Spurs should be ashamed of themselves. ,Visceral Reaction,
Congratulations Knicks on a improbable victory ,Visceral Reaction,
LOL Spurs SOLDDDD,Visceral Reaction,
Fox really made some boneheaded plays. So many bad passes and then that horrible layup attempt instead of dribbling it out and burning clock on the second to last possession. Wow,Game Analysis,
Lmfaooooooo ain’t over till it’s over ,Visceral Reaction,
HAHAHAHAHAHAHAHAHAHA FUCK THIS SUB! KNICKS UP BABYYYYYY,Hostile Trash Talk,
well this is what i call a fiesta game i guess the less bad team won today but both were pretty damn bad.,Game Analysis,
Can’t wait for AwfulCoaching’s breakdown of the Spurs and this absolute choke,Hostile Trash Talk,
 Why is this the “greatest come back win in finals history” sorry I don’t really know that much about the nba ,Visceral Reaction,
Damn OG MVP,Visceral Reaction,
"Just give them the trophy this is embarassing   
How tf did we lose",Visceral Reaction,
Mitch Johnson an absolute joke.  Guy has a potential GOAT player and doesn't even give him the ball.,Hostile Trash Talk,
"Holy choke job, well done Knicks. That's the series. ",Hostile Trash Talk,
Strap Fox to a fucking rocket ,Hostile Trash Talk,
Lmao Wemby got too cocky,Visceral Reaction,
"What a choke, this is on Wemby for missing free throws and Fox for the turnovers late in the 4th and not holding the ball.",Hostile Trash Talk,
Reddit in shambles,Visceral Reaction,
"""imagine paying 10k to watch this game"" -redditor during halftime",Visceral Reaction,
"That’s a choke that’s going To live with these spurs players until they win a title 

Wemby was atrocious in the second half ",Hostile Trash Talk,
What a fucking joke,Hostile Trash Talk,
"As a Suns fan, I say it couldn’t happen to a more deserving team.

Spurs are frauds.",Visceral Reaction,
"It's over, no way Spurs ever coming back from this embarrassment",Visceral Reaction,
Wemby and Fox disasterclass ,Visceral Reaction,
OG finals MVP man,Visceral Reaction,
28-3,Visceral Reaction,
New York might burn down ,Visceral Reaction,
Wow. ,Visceral Reaction,
Un fucking real,Hostile Trash Talk,
What the fuck just happened?,Hostile Trash Talk,
fox is going to hell i’m not joking,Visceral Reaction,
yooo not the lady form Law and Order hugging OG lmaoooo,Visceral Reaction,
Yeah there’s a new king in ny and his name is OGholy fuck ,Hostile Trash Talk,
This is one of the craziest fucking games I've ever seen. And I saw the 2008 24pt celtics comback vs my lakers,Hostile Trash Talk,
Uhhhh... this is screaming Vegas involvement lol. These fake manufactured comebacks are getting stale. Wemby hardly even touched the ball in the second half? Lol,Game Analysis,
This Knicks team is fueled purely through friendship ,Visceral Reaction,
Give OG a billion dollars if they win this series,Visceral Reaction,
They had the play. KAT just tipped it. Castle had the oop,Visceral Reaction,
DONT EVER DOUBT THE NEW YORK KNICKS!!!,Visceral Reaction,
"Mitch Johnson, De’Aron Fox, Wemby all choked so damn hard. ",Visceral Reaction,
This finals is amazing. One of the wildest finals comebacks I’ve ever seen. One of the most tense insane finishes I’ve seen. Just insane ,Visceral Reaction,
"OG SHOULD NEVER HAVD TO PAY FOR ANYTHING IN NEW YORK EVER AGO.

WHAT A CHOKE BY THE SPURS",Hostile Trash Talk,
"Spurs best player is a rookie named Dylan, and its not even close. Build around him babeh",Visceral Reaction,
[ Removed by Reddit ],Visceral Reaction,
That tip by Anunoby was so clutch. And good job catching the ball by the Knicks at the end there too.,Visceral Reaction,
HATE WATCH FUCKING SUCCESSFUL,Hostile Trash Talk,
Now I'm sure it was DONALD TRUMP that messed up Game 3,Visceral Reaction,
Spurs on suicide watch ,Visceral Reaction,
This game was fuckin' crazy!!! ,Hostile Trash Talk,
Holy fuck they did it,Hostile Trash Talk,
"Yeah, that was on Fox. It could have been a three point game if ever. I guess we got Kings Fox back. What a choke. ",Hostile Trash Talk,
OG with that tip in man!! What a game!,Visceral Reaction,
Lmao get fucked spurs,Hostile Trash Talk,
Fox going for that contested layup with the lead and 11 seconds left in the game has to rank up there in bad decisions ,Visceral Reaction,
absolute choke job,Hostile Trash Talk,
HOLY FUCK THE KNICKS ACTUALLY WON THIS GAME,Hostile Trash Talk,
"I'm so glad the Knicks won if for no other reason than it shut half of this brain-damaged sub up. You are consistently the worst people I have ever had the displeasure of interacting with, and I hope you all have a terrible night",Game Analysis,
CHOKE OF THE CENTURY ,Hostile Trash Talk,
HAHAHAHAHHA this iss fucking nonsense,Hostile Trash Talk,
WHERE ALL YOU SPURS FRONT RUNNERS  AT ???,Visceral Reaction,
OG just saved Josh Hart from nyc,Visceral Reaction,
LETS GO KNICKS,Visceral Reaction,
spurs coach is a fucking idiot. i'd fire him. what a complete and utter fucking dumbass.. that is it,Hostile Trash Talk,
Boy oh Boy Spurs don't hide now. You were out here thumping that chest earlier. ,Visceral Reaction,
I mean fire that fing coach tonight. Epic fail on every imaginable level. ,Game Analysis,
I saw the score in the 2nd quarter and wrote this game off. Tuned in after baseball to this final minute finish. Absolutely insane!!,Game Analysis,
Spurs suck dude. ,Hostile Trash Talk,
SUCK MY NEW YORK DICK,Hostile Trash Talk,
What the fuck!?,Hostile Trash Talk,
Spike Lee doesn’t know what he’s gonna do now ,Visceral Reaction,
Im a neutral and my heart is POUNDING right now,Visceral Reaction,
Epic choke job 🤣🤣,Hostile Trash Talk,
I’m gonna throw up ,Visceral Reaction,
This confirms the NBA is rigged. Ain’t no way.,Hostile Trash Talk,
"Fuck all you fucking pussies 

You fucking dickriders 

Knicks all day",Hostile Trash Talk,
OG tackled by Mariska Hargitay,Visceral Reaction,
Better than 28-3 ,Visceral Reaction,
Thus is the NBA's 28-3,Visceral Reaction,
Why did fox take that layup lol so stupid man,Visceral Reaction,
I WAS HERE,Visceral Reaction,
"Historical half for the Spurs outdone by a historical half from the Knicks

We'll never forget this time game. 🤯",Game Analysis,
lol eat shit San Antonio. ,Hostile Trash Talk,
If I were a Spurs fan I'd probably just stop following the game lmao,Visceral Reaction,
OG FMVP,Visceral Reaction,
OG is the OG,Visceral Reaction,
OH MY FUCKING GOD OH MY FUCKING GOD ,Hostile Trash Talk,
"Fuck the Spurs, so glad all their fans have to feel this pain. On the flip side I’m bummed the Knicks fans get to enjoy the dub. Knicks players are super likable though so good for them. Wemby and Castle need this to be humbled. ",Hostile Trash Talk,
FRAUDS,Visceral Reaction,
No fucking WAY holy shit series over. ,Hostile Trash Talk,
holy shit cancel fox's contract and send him to brazil wow,Hostile Trash Talk,
No way ,Visceral Reaction,
"Thank god the Knicks won, no innocent bystanders will get beat up today in NYC.",Visceral Reaction,
"unbelievable, good on the Knicks for believing they could win, good on the Spurs for believing they were all Steph Curry",Visceral Reaction,
I hate to say it but the Spurs Dynasty begins after Fox,Visceral Reaction,
Choked Game 2 & 4,Visceral Reaction,
Fucking bs ,Hostile Trash Talk,
OG,Visceral Reaction,
Mitch can't coached and Fox needs to be traded,Visceral Reaction,
Choke job,Hostile Trash Talk,
Are we sure this comeback wasn’t part of the rigged storyline? My god ,Hostile Trash Talk,
Two games where the coach could have made the difference. ,Game Analysis,
HAHAHAHAHAHAHAHAH EAT IT HATERS! ,Visceral Reaction,
Ogugua!,Visceral Reaction,
HISTORICAL CHOKEE 😂😂😂,Visceral Reaction,
We know exactly how you feel and sympathize with you Spurs fans🤣,Visceral Reaction,
Draymond Wembanyama is a class a choker,Visceral Reaction,
After this performance the Spurs deserve to lose the series.,Visceral Reaction,
That was ridiculous.,Visceral Reaction,
I'm glad I didn't bet on this shit,Hostile Trash Talk,
WEMBY WITH THE ELITE CHOKE ,Hostile Trash Talk,
"GO KNICKS!!!! Fuck the Spurs, fuck that Alien!! Let’s goooooooooo",Hostile Trash Talk,
what a game,Visceral Reaction,
Why did fox shoot that last one. What a bum,Hostile Trash Talk,
Why didn't Fox dribble it out for gods sake ,Visceral Reaction,
NbaTalk called Jokic a choker meanwhile Wemby out here missing both FTs and doing that shitty pass in game 2,Hostile Trash Talk,
AMZING GAMES!!!! FUCK YEAH THIS IS BASKETBALL!!!,Hostile Trash Talk,
"Dammit.

This is a bigger choke than Game 6 2013",Hostile Trash Talk,
Ngl I am done supporting the spurs all texas teams have this terrible curse - Rockets & Cowboys fan,Visceral Reaction,
29 point comeback is absurd. I didn’t thunk it was possible,Visceral Reaction,
That was the most pathetic second half of ball I've ever seen and Mitch Johnson is out of his league. ,Hostile Trash Talk,
#WHOA,Visceral Reaction,
Goated. Game of the year!,Visceral Reaction,
Fox has robbed the Spurs organization ,Visceral Reaction,
"Wow, unreal.  Spurs just collapsed. ",Visceral Reaction,
"I'm done watching the finals this year, it's a wrap. Well played Knicks",Visceral Reaction,
HAHAHHAHAHAH,Visceral Reaction,
No Trump and they win. Simple,Visceral Reaction,
THANK YOU STEELY DAN!!!!,Visceral Reaction,
Well I’ll be damned,Visceral Reaction,
What an incredible game,Visceral Reaction,
"LMAO, this game was *over*. How do you choke this bad?",Hostile Trash Talk,
GET FUCKED,Hostile Trash Talk,
HAHAHAHAHAHAHAHAHHAHAHAHHAHAHAHAHAHAHAHAHAHAHAHAHAHAHAHAHAHAHAHAHA,Visceral Reaction,
"I really don't see how SAS can come back from this.

Absolutely nuts",Visceral Reaction,
"I've never seen a team so nervous up 20+ at the half in the finals ever. Then the vet of the team had a god awful mistake at the end of the game. 

Spurs missing Pop real bad.",Game Analysis,
Spur just threwGame 2 and 4. Brutal pure brutal.,Visceral Reaction,
OH MY GOD,Visceral Reaction,
ANUNOBY FOR MVP ANUNOBY FOR MVP ANUNOBY FOR MVP ANUNOBY FOR MVP ANUNOBY FOR MVP ANUNOBY FOR MVP,Visceral Reaction,
San Antonio “Atlanta falcons” Spurs,Visceral Reaction,
OG oh my,Visceral Reaction,
"CHOKE ASS BITCH SPURS, GET FUCKED

KNICKS IN 5",Hostile Trash Talk,
Let’s goo,Visceral Reaction,
How do you not take high percentage shots and just get 2’s down low with Wemby once up 30 pts? Coach needed to cut the 3 balls off ,Game Analysis,
Knicks got a well deserved championship. No way spurs come back from this.,Visceral Reaction,
Fire Mitch Johnson,Visceral Reaction,
YA GOTTA BELIEVE,Visceral Reaction,
Great 2nd half from the Knicks. Brunson slowly boiled this team in the 3rd. OG is so good. Series ends in San Antonio,Game Analysis,
Fuuuuuck yoooouuuuu,Visceral Reaction,
"Beautiful. Beautiful, I tell you.",Visceral Reaction,
Best finals game ever. Despite the refs trying to force the opposite outcome. ,Visceral Reaction,
Man. Nuggets fan just pulling for the Spurs - this was brutal. Experience I guess. ,Visceral Reaction,
Goodnight haterssss this is Fucking NY knicks ball bing bongggggg,Hostile Trash Talk,
I don’t believe what I just saw ,Visceral Reaction,
Choke of the century.,Hostile Trash Talk,
Not gonna lie I would have left to the parking lot after the half.,Game Analysis,
GENERATIONAL FUMBLE ,Visceral Reaction,
I WITNESSED HISTORY ,Visceral Reaction,
what a crazy turnaround for the knicks,Visceral Reaction,
9/25 for my goat lmaooo,Visceral Reaction,
LETS GOOOOOOOOOOOOOOOOOOO WHAT A FUCKING GAME,Hostile Trash Talk,
Some of the worst basketball I have ever seen. Pure stupidity from the Spurs.,Visceral Reaction,
Generational collapse! Totally complacent second half from the Spurs. Knicks didn't even look that good - Spurs just disappeared,Game Analysis,
Fox is prolly gone,Visceral Reaction,
Oh my goodness - wow - Biggest Comeback EVA!,Visceral Reaction,
Wemby sucks lmao,Visceral Reaction,
29 FUCKING POINTS LEAD LMAO,Hostile Trash Talk,
Obvious foul on castle at the end. And a back court they just blew by. Congrats ny you pieces of shit,Hostile Trash Talk,
"You can take a Fox out of the Kangz, but you can’t take the Kangz out of Fox.",Visceral Reaction,
Wemby missing 2 free throws in a row in the clutch lmao ,Visceral Reaction,
SUCK OUR NEW YORK DICKS!,Hostile Trash Talk,
Holy fucking chokejob by the Spurs.,Hostile Trash Talk,
GOD MIGHT BE REAL WHAT THE FUCK,Hostile Trash Talk,
"Congrats to the Knicks on winning the championship, there's no way the Spurs come back from that",Visceral Reaction,
I HAVE SO MANY EMOTIONS ,Visceral Reaction,
FUUUUCKKKK YEEEESSSSSS,Visceral Reaction,
Lol choke at the highest levels,Hostile Trash Talk,
OG should be FMVP holy hell what a baller,Visceral Reaction,
How do they do this every god damn time ,Visceral Reaction,
Knicks better bring Taylor to San Antonio!,Visceral Reaction,
ALL TIME FUCKING CHOKE!!!!!!!,Hostile Trash Talk,
Mitch Johnson is a basketball terrorist,Visceral Reaction,
What a choke. ,Hostile Trash Talk,
Biggest choke in NBA history! ,Hostile Trash Talk,
That is the craziest sports game since 28-3,Visceral Reaction,
"Yeah, pro sports is definitely fake. Or Mitch Johnson shouldn’t even be allowed to fucking land in San Antonio",Hostile Trash Talk,
lol f*ck the spurs and their smug asses in the first half,Game Analysis,
Let’s go Knicks,Visceral Reaction,
I DONT KNOW WHAT IM WATCHING LOL,Visceral Reaction,
Spurs fans where y’all at now? Ya boy wemby can’t flop his way outta the biggest choke in nba history ,Hostile Trash Talk,
Lmao,Visceral Reaction,
"I can’t believe I missed it with the TV on in front of me lol. I muted it when they were like 30 down and started playing my computer game, only to look with a minute left and it’s tied ",Visceral Reaction,
"Man, how do you lose that game. Brutal brutal for the spurs ",Visceral Reaction,
Yeah f the spurs. f wemby that sour pussy,Visceral Reaction,
Props to the Knicks. Huge comeback,Visceral Reaction,
"Sorry Spurs fans, this isn't personal... but they deserved that loss. 

Absolutely ridiculous. ",Visceral Reaction,
Goddamn what a rollercoaster,Visceral Reaction,
"insane. 

and OG totally **NONCHANLANT**",Visceral Reaction,
Wooooow,Visceral Reaction,
incredible comeback. holy shit.,Hostile Trash Talk,
Wow. Biggest choke I’ve ever seen in my life!,Hostile Trash Talk,
KAT CRYING PANNED TO OG POKER FACE SENT ME ,Visceral Reaction,
People in here said Wemby was in their head and playing 4d chess and missed two important free throws. I want you to remember these are human beings and get momentum and shook like the rest of us. This is why you admire their greatness but don’t bounce on it like they have the super soldier serum.,Visceral Reaction,
Terrorists won ,Visceral Reaction,
Wemby just soft. Embarrassing ,Hostile Trash Talk,
Every Knicks fan is thanking God trump wasn't there.,Visceral Reaction,
Spurs fans will be safe in NYC tonight,Visceral Reaction,
OG should be MVP ,Visceral Reaction,
Wemby was done in those last free throws,Visceral Reaction,
Biggest choke I’ve seen. GG knicks,Hostile Trash Talk,
That's insane. Shoutout to Fox for letting his foot off the gas super hard in the 3rd quarter. Dude was smiling and shit after every mistake lol. That's not veteran vibes.,Hostile Trash Talk,
Are you fkn serious,Visceral Reaction,
FUCK ALL THE HATERS THIS IS OUR YEAR,Hostile Trash Talk,
Undoubtedly the best game of basketball I've ever witnessed,Visceral Reaction,
GOD BLESS TAYLOR SWIFY,Visceral Reaction,
"Jesus Christ I thought the Spurs had it in the bag, what a way to make history for New York",Visceral Reaction,
Remember when Seinfeld was 41 dating a high schooler?,Visceral Reaction,
"You can put this choke job on Mitch. Absolutely abysmal job in the 4th quarter.

",Hostile Trash Talk,
Series is over,Visceral Reaction,
That win was all OG idgaf,Visceral Reaction,
nice final play lmaooooo,Visceral Reaction,
The don’t even show the players lmao. ,Visceral Reaction,
At least spurs fans won’t be assaulted ,Visceral Reaction,
LEGENDARY CHOKE HOLY SHIT,Hostile Trash Talk,
"Lol, biggest choke of all time. San Antonio clowns",Hostile Trash Talk,
We just witnessed a classic,Visceral Reaction,
OG is the goat,Visceral Reaction,
"Wow, this fucking insane, hopefully the Knicks fan don't set someone on fire literally.",Hostile Trash Talk,
Yeah that’s crazy,Visceral Reaction,
UNREAL,Visceral Reaction,
Dont foul,Visceral Reaction,
Best. Comeback. Ever.,Visceral Reaction,
OMG this is nuts ,Visceral Reaction,
"Hahahaha, Wemby flops!!! ",Visceral Reaction,
This was so stressful lol. ,Visceral Reaction,
OG for FMVP. ,Visceral Reaction,
Knicks in 5!!!!,Visceral Reaction,
Insanity ,Visceral Reaction,
This is some king of new york shit,Hostile Trash Talk,
Stayed up late for nothing. Awful hate watch ,Visceral Reaction,
it's over. that's the series,Visceral Reaction,
"Wow the choke job, insane",Hostile Trash Talk,
Bro....,Visceral Reaction,
30 point lead down the shitter ,Hostile Trash Talk,
Holy shit,Hostile Trash Talk,
I was here to witness the greatest comeback in NBA history ,Visceral Reaction,
From someone rooting for the spurs and hating on Knicks fans...gg Knicks team. OG unreal ,Visceral Reaction,
Oh look that Castle headsnap didn't work,Visceral Reaction,
Fox absolutely selling this game,Visceral Reaction,
HELL YEAH KNICKS!,Visceral Reaction,
Wtf happened in 4th quarter!!!??,Visceral Reaction,
Worst coaching performance in finals history ,Visceral Reaction,
Game was crack ,Visceral Reaction,
Nah no way,Visceral Reaction,
Looks like Taylor Swift record remains unblemished.,Visceral Reaction,
"Fucking shitters blew a 30 point lead after halftime and didn't even get a shot up at the end, never put wemby in goat conversations ever again. ",Hostile Trash Talk,
Where's all that shit talk now?,Hostile Trash Talk,
Holy chokejob batman,Visceral Reaction,
Unreal,Visceral Reaction,
Trailed by 29 points. Greatest Finals comeback in history.,Visceral Reaction,
That’s series. That’s like bron willing us back for JR to ruin it,Visceral Reaction,
how do you recover from this,Visceral Reaction,
I was here,Visceral Reaction,
"Holy shit, what a complete meltdown.",Hostile Trash Talk,
I'm speechless. Unbelievable ,Visceral Reaction,
What the hell did I just watch lmao,Visceral Reaction,
Wow. Biggest choke ever,Hostile Trash Talk,
FADED,Visceral Reaction,
despite the refs hardest efforts knicks pull it out (⏸️),Visceral Reaction,
Oh God this is amazing comeback! What heart and fire the Knicks have!!!,Visceral Reaction,
Epic Choke job,Hostile Trash Talk,
Wowza that was pretty cool ,Visceral Reaction,
Let’s go Hurricanes,Visceral Reaction,
Fox lost that game,Visceral Reaction,
hahahahahaha move the Spurs to Montreal dawg,Visceral Reaction,
"SPURS ARE SOOO DUMB!! THEY DESERVE ALL OF THIS. WOW. I HATE THE KNICKS BUT THEY BETTER WIN NEXT GAME AND CLOSE THIS OUT. Spurs, I am just lost for words.",Hostile Trash Talk,
Miracle at MSG.,Visceral Reaction,
"THANK YOU, SPURS",Visceral Reaction,
I was here,Visceral Reaction,
All time fumble ,Visceral Reaction,
"Absolutely insane comeback from the Knicks, HOW DO YOU CHOKE THAT BADLY WITH WEMBANYAMA ON THE TEAM? WHY PUT DE’AARON FOX OUT THERE OVER HARPER? ",Hostile Trash Talk,
FUCK YOU ,Hostile Trash Talk,
I mean... that definitely was a foul at the end lol,Game Analysis,
How was that not a foul?,Visceral Reaction,
"if the refs are fair spurs win tonight, happens ",Visceral Reaction,
I never wanna hear Knicks fans talk about a game being rigged ever again. Castle was fouled there and no call ,Hostile Trash Talk,
Olivia Benson was there?,Visceral Reaction,
"holy fuck. I’m at the gym and everyone stopped in the middle of their set to watch the game

Whole gym erupted when bro hit the game winner. actually wild",Hostile Trash Talk,
Lmaoooo spurs,Visceral Reaction,
OG Anunoby might be the GOAT,Visceral Reaction,
What a fucking game,Hostile Trash Talk,
Og annunoby had a fucking game,Hostile Trash Talk,
Greatest playoff run ever continues ,Visceral Reaction,
"Bro just went for the flop, didn't even try to shoot it",Hostile Trash Talk,
Can't even believe what we just witnessed. Wow. Wow.....,Visceral Reaction,
Did Castle just try to bait to win the game hahahahahhaha,Visceral Reaction,
Predicted this would happen in the third quarter unironic,Game Analysis,
Biggest choke in SPORTS HISTORY,Hostile Trash Talk,
"FUCK THAT FRENCH PUSSY

FUCK THE REFS  
AND FUCK TEXAS ",Hostile Trash Talk,
LETS GO KNICKS,Visceral Reaction,
I’m moving to New York now baby that’s incredible ,Visceral Reaction,
holy fucking shit most insane comeback of all history,Hostile Trash Talk,
"I was there.

Well, I mean, I wasn't *there*, cause fuck $20k tickets

But I was watching. On my TV. And I was there.",Hostile Trash Talk,
I TOLD YOU I TOLD YOU I TOLD YOU!!!!!!! I TOLD YOU ALLL I TOLD YOU ALL!!!!,Visceral Reaction,
"Congratz Knicks on winning the NBA 2026 championship. Spurs ain't coming back.

It's over. ",Visceral Reaction,
Hey what's up OG -Suni Lee (probably),Visceral Reaction,
GAME. SCARVES.,Visceral Reaction,
This one is one the coach. How the hell do you give up a 29 point lead?,Game Analysis,
Team of destiny,Visceral Reaction,
Generational choke !! Down to very last Knicks basket unbelievable ,Hostile Trash Talk,
[called it](https://www.reddit.com/r/nba/s/pVLjzPiZGC),Visceral Reaction,
OG reminding everyone he’s been here before 🤣🤣🤣,Visceral Reaction,
Coach lost them that game. They had KAT in foul trouble and kept shooting 3s,Game Analysis,
NO FUCKING WAY,Hostile Trash Talk,
Wow,Visceral Reaction,
Damn. I wish they could win it at the Garden though.,Visceral Reaction,
Fox made like 4 incredibly low IQ plays in a row ,Visceral Reaction,
HAHAHA SPURS FANS,Visceral Reaction,
Holy fucking shiiiitttt!!!!! Go knicks!!!!!!,Hostile Trash Talk,
"What the fuck did i just watch 

",Hostile Trash Talk,
What a fucking game ,Hostile Trash Talk,
How the fuck ,Hostile Trash Talk,
Is that OG or Kawhi?,Visceral Reaction,
Damn all time choke,Hostile Trash Talk,
This is our 28-3,Visceral Reaction,
Lmao what!?,Visceral Reaction,
That’s almost as good as the first leg of psg and Bayern. Incredible stuff ,Visceral Reaction,
ALL TIME GREAT,Visceral Reaction,
"That might have been the worst 24 minutes of my life.

And I’ve been to jail ",Game Analysis,
was that not a foul?,Visceral Reaction,
YES! SUFFER!,Visceral Reaction,
What a terrible in bound pass. Tf was that ,Game Analysis,
FRAUD ALERT! How big a lead do you need omfg,Hostile Trash Talk,
LETS FUCKING GO,Hostile Trash Talk,
"CLOSE DOWN NEWYORK, GIVE TOMMOROW OFF

",Visceral Reaction,
that was a terrible pass omg he had a huge lane to the basket,Game Analysis,
OH MY GOD,Visceral Reaction,
What just happened ohhh my,Visceral Reaction,
Goodbye NYC 🫡,Visceral Reaction,
Wemby is ass in clutch time ,Hostile Trash Talk,
Spurs fans on suicide watch,Visceral Reaction,
GGs knicks. well deserved. No lead is safe vs this team,Visceral Reaction,
RIP all the NYPD dudes who are gonna deal with rowdy fans all night,Visceral Reaction,
Fox was brought to be the vet and has been awful in the clutch today. Literally gave the game away,Visceral Reaction,
Wowowowowowowowoowow,Visceral Reaction,
Mitchell Johnson is Hamas with hair,Visceral Reaction,
Let’s just call it a series. ,Visceral Reaction,
We were all here to watch this moment....now let's go back to commercial,Visceral Reaction,
wow,Visceral Reaction,
"Only checked the score around half time and third quarter to see Knicks down over 20 and then 15. Now Knicks are up, holy fuck??",Hostile Trash Talk,
LMAOOOOO SPURS WHAT HAPPENED?????,Visceral Reaction,
It’s over ,Visceral Reaction,
What fucking chokers lol ,Hostile Trash Talk,
Spurs have collapsed every single game oh my lord ,Visceral Reaction,
I called the epic comeback early in the second. ,Visceral Reaction,
Well that was an insane finish. ,Visceral Reaction,
"Absolute INSANE bottle job

Mitch Johnson is a fraud ",Hostile Trash Talk,
Fuck me in the ass. I eat my words through my asshole. Knicks are incredible,Hostile Trash Talk,
I FUCKING STAND CORRECTED,Hostile Trash Talk,
RIP NYC tonight 🔥 🔥 🔥 ,Visceral Reaction,
BING BONG,Visceral Reaction,
THANK YOU GUYS FOR WITNESSING HISTORY WITH ME,Visceral Reaction,
"SLEEP TIGHT SPURS FANS 🤣🤣🤣🤣🤣


NIGHT NIGHT 🖕",Visceral Reaction,
Wemby legacy game ,Visceral Reaction,
First NBA game I’ve watched start to finish in years. How about that ,Visceral Reaction,
Deaaron fox going to hell ,Visceral Reaction,
Taylor Swift really cleansed MSG from two demons Dolan and Donald,Visceral Reaction,
Turrible,Visceral Reaction,
Fuck. What a squander. Time to go to bed.,Hostile Trash Talk,
The Spurs coach might as well not show up to the next game after this. Just let Wemby call everything if you are going to be this invisible.,Game Analysis,
All the haters can suck my cock. Fuck yall in the first half. Fuck yall. ,Hostile Trash Talk,
Get fucked Spurs and the haters the refs couldn’t save yall,Hostile Trash Talk,
"Spurs fans, avoid walking around NY. They will try and kill you because they’re terrible people",Visceral Reaction,
"If you blamed Trump for game 3, you have to give Trump credit for game 4 lmfao",Visceral Reaction,
Omggggg everyone get in here and laugh! ,Visceral Reaction,
Flopping on the final possession? Sad!,Visceral Reaction,
Classic refs not calling an obvious foul because it's < 1 minute or whatever ,Game Analysis,
KNICKS IN FOURRRRRRR,Visceral Reaction,
Spurs in 7,Visceral Reaction,
OG ANUNOBY YOU ARE THE GOATTTTTT,Visceral Reaction,
FUCK SPURSSSSSSSSSSSSSSSSSSS,Hostile Trash Talk,
OG FUCKING DADDY,Hostile Trash Talk,
LMAOOOOO,Visceral Reaction,
Spurs are a literal meme ,Visceral Reaction,
They’re really the team of destiny,Visceral Reaction,
Knicks win!!!!!,Visceral Reaction,
GENERATIONAL CHOKEJOB LMAOOOO,Visceral Reaction,
yo wemby you might be cooked for future goat debates,Visceral Reaction,
Unreal. All time greatest fucking fumble.,Hostile Trash Talk,
Danhausen’s check finally cleared ,Visceral Reaction,
holleeee fuck,Hostile Trash Talk,
what an amazing game. This has just been an awesome finals,Visceral Reaction,
FUCK THE SPURS FUCK WEMBY HAHAHAHAHA,Hostile Trash Talk,
Taylor Swift broke the Trump curse,Visceral Reaction,
HOLY SHIIIT BRO WHAT A GAME,Visceral Reaction,
Omggggg lolol,Visceral Reaction,
THE KNICKS BROKE THE GDT EVEN,Visceral Reaction,
it was Jordyn woods purse yall,Visceral Reaction,
I can’t believe it dude ,Visceral Reaction,
BING BONG,Visceral Reaction,
HAHAHAHAHAHAHAAHAHAHA,Visceral Reaction,
We deserved to lose that. We're not winning the series after that bullshit,Hostile Trash Talk,
Jerry Seinfeld: DONT HUG ME!!!,Visceral Reaction,
Fuck all these celebrity losers. Show the fans. ,Hostile Trash Talk,
Hahahahahahahahahahahahaha,Visceral Reaction,
YOOOOO OG,Visceral Reaction,
I was here,Visceral Reaction,
OG finals mvp ,Visceral Reaction,
Fox just did the stupidest shit ever with 10 seconds left lol,Hostile Trash Talk,
No fucking way ,Hostile Trash Talk,
LMAO SPURS,Visceral Reaction,
Wemby is trash,Hostile Trash Talk,
AIR OG,Visceral Reaction,
Fire Mitch tonight Spurs. Tonight!!!,Visceral Reaction,
The spurs don’t deserve to win,Visceral Reaction,
HOLY SHIT,Hostile Trash Talk,
Wow,Visceral Reaction,
Of I’m the spirits I’m leaving their coach on the tarmac,Game Analysis,
Fuck Texas always and forever,Hostile Trash Talk,
HAHAHAHAHA,Visceral Reaction,
L o fucking l,Hostile Trash Talk,
What the fuck just happened?,Hostile Trash Talk,
Executive order send in the national guard bro lmaooooo,Visceral Reaction,
Team of destiny. Wtf,Visceral Reaction,
Unfuckinbelievable,Visceral Reaction,
wow,Visceral Reaction,
"Holy shit. Darron Fox needs to walk home. He might have single handedly lost that game at the end . TO, TO, missed shot, TO, BLOCKED SHOT, no box out ",Hostile Trash Talk,
WTF,Visceral Reaction,
Fox lol,Visceral Reaction,
Down 20 vs the Knick and you in our trap b,Game Analysis,
Embarrassing for the Spurs holy,Hostile Trash Talk,
"lets fucking go, fuck the dirty ass spurs",Hostile Trash Talk,
Garbage game,Hostile Trash Talk,
OG!,Visceral Reaction,
Unreal. Fucking unreal.,Hostile Trash Talk,
That was fucking insanity,Hostile Trash Talk,
Fox lost them the game,Visceral Reaction,
FUCK YESEEWAAA,Hostile Trash Talk,
Oh no lol,Visceral Reaction,
WOOOOOOOOOOOOOOOOOOOOO,Visceral Reaction,
OG!,Visceral Reaction,
"Sad, Fox cost them the game. ",Visceral Reaction,
I have stanned for Mitch but this was idiotic and on him,Visceral Reaction,
holyfuckingshittttt,Visceral Reaction,
"Oh wow that was an AMAZING play called up though, they were faking Wemby for Castle to be behind everyone, it just got defleccted",Visceral Reaction,
what a fcking dumb play fox is lmao,Hostile Trash Talk,
Fox just hold the ball bro dangit,Visceral Reaction,
Fire Mitch Johnson right now!,Visceral Reaction,
The scored 30 in the second half. Hahaha,Visceral Reaction,
Team of destiny,Visceral Reaction,
Spurs are so lucky they managed to get a game this series,Visceral Reaction,
Fucking LOL,Hostile Trash Talk,
Holy crap ,Visceral Reaction,
WOW,Visceral Reaction,
Holy shit,Hostile Trash Talk,
Castle just ended the game on a fucking flop ,Hostile Trash Talk,
Can they stop filming these useless celebrities?,Hostile Trash Talk,
Shat the bed ,Visceral Reaction,
I stg I don't want to see any more celebs dancing while the best thing they'll show of San Antonio are grainy ass videos of the Frost Center parking lot,Hostile Trash Talk,
ALL TIME CHOKE JOB THE ATLANTA FALCONS BREATH A SIGH OF RELIEF AS THEY ARE NO LONGER THE MOST PATHETIC CHOKERS IN AMERICAN SPORTS 😂🫵😂🫵😂,Hostile Trash Talk,
Fox must be betting on the Knicks.,Visceral Reaction,
OG is the MVP ,Visceral Reaction,
THE WEMY LEAD SPURS ARE THE BIGGEST CHOKERS IN NBA HISTORY,Visceral Reaction,
Spurs coach fell asleep ,Visceral Reaction,
LMAOOOOO SPURS NEED TO FIRE THEIR ENTIRE COACHING STAFF ,Visceral Reaction,
HOLY SHIT...,Hostile Trash Talk,
Wow. Spurs Wtf man,Visceral Reaction,
WOW what an unbelievable meltdown. Absolutely ridiculous. Only one to blame is that asshat of a coach. I just lost all respect for Johnson as a coach.,Game Analysis,
NBA is cooked lmao. Refs refused to call a foul on NY entire 3rd qtr,Game Analysis,
Not as insane as the Haliban 2025,Visceral Reaction,
Man I was told this was rigged,Hostile Trash Talk,
OG ANUNOBY HAVE MY CHILDRENNNNNN,Visceral Reaction,
The single most pathetic loss in NBA history. Wemby ain’t him. ,Hostile Trash Talk,
OG is a NY god forever now,Visceral Reaction,
That’s my raptors OG OG,Visceral Reaction,
"OMG

",Visceral Reaction,
WOOO TIME TO ASSAULT PEOPLE HEADING TO THE SUBWAY,Visceral Reaction,
The greatest choke of all time ,Hostile Trash Talk,
Wow,Visceral Reaction,
FUCK THR DOUBTERS,Hostile Trash Talk,
The spurs fans will likely go back into hiding. That's rough after all the first half chatter 😂😂,Game Analysis,
fucking chokers holy shit,Hostile Trash Talk,
OG ANUNOBY CLASSIC,Visceral Reaction,
Series is over,Visceral Reaction,
"Series over, no way mentally you come back from this.",Visceral Reaction,
I have been watching sports for decades and this might have been the biggest choke I've ever seen.,Hostile Trash Talk,
ITS A MIRACLE,Visceral Reaction,
\#LOLSPURS,Visceral Reaction,
Castle 😭😭😭,Visceral Reaction,
HOLY FUCK WHAT JUST HAPPENED!?!?!?,Hostile Trash Talk,
Knicks had me ruined all night,Visceral Reaction,
Literally the biggest choke in nba history,Hostile Trash Talk,
THIS IS OUR HOUSE. FOH,Visceral Reaction,
Couldn't Fox have literally done nothing and prevented that entire sequence? Just get fouled why try a shot ,Visceral Reaction,
KNICKS REMONTADA ,Visceral Reaction,
Unbelievable ,Visceral Reaction,
This is bewilderingly bad by the Spurs.,Visceral Reaction,
this aint real life,Visceral Reaction,
OG max contract \*tonight\*,Visceral Reaction,
O G Oh MY,Visceral Reaction,
"Man, I’m glad I don’t have a dog in this fight. If I was a Spurs fan, I’d be on the ground crying.",Visceral Reaction,
Wemby didn’t spend enough time with the monks,Visceral Reaction,
Christ ,Visceral Reaction,
The greatest choke job in NBA playoff history?,Hostile Trash Talk,
SUCK A FUCKING DICKKK,Hostile Trash Talk,
GAME OVER,Visceral Reaction,
Fox my god man,Visceral Reaction,
Johnson is fucking ass,Hostile Trash Talk,
THE KNIIIIIIIIICKS FUCKING DID IT,Hostile Trash Talk,
Probably the most embarrassing loss I’ve ever seen. Absolutely shameful. Mitch is a moron.,Hostile Trash Talk,
Unbelievable.,Visceral Reaction,
Ugh,Visceral Reaction,
Le Choke!,Hostile Trash Talk,
wtf did we just watch ,Visceral Reaction,
Wemby can suckkkk it ,Visceral Reaction,
Fox is quite literally a basketball terrorist.  I am in shock,Visceral Reaction,
BEST GAME I'VE SEEN IN MY LIFE,Visceral Reaction,
The Spurs are genuinely a joke. You cannot be up 29 in a game and 20 in the 4th quarter and lose a game. Absolutely pathetic ,Hostile Trash Talk,
Holy fucking shit what a comeback ,Hostile Trash Talk,
"Fuck the Spurs, fire this fucking coach too.",Hostile Trash Talk,
So what was up with the blatant back court?,Visceral Reaction,
That was a good play and had a chance. Just a terrible pass.,Game Analysis,
Ho. Lee. Fuck. ,Hostile Trash Talk,
Spurs? More like the “Oh Durs”,Visceral Reaction,
Wow they just lock in,Visceral Reaction,
UNHINGED,Visceral Reaction,
OG is a baller,Visceral Reaction,
Disgusting collapse by the spurs. Absolutely disgusting ,Visceral Reaction,
GET FUCKED ,Hostile Trash Talk,
Witnessed history. ,Visceral Reaction,
OH MY GOD,Visceral Reaction,
what a game. i hate the knicks and that was impressive. spurs tricked that shit off and may have lost the series because of it.,Hostile Trash Talk,
LOL,Visceral Reaction,
Absolutely embarrassing ,Hostile Trash Talk,
Fox walks home ,Visceral Reaction,
HOT DAMN,Visceral Reaction,
TAKE BACK EVERYTHING I FUVKIN SAID HOLY FUCK,Hostile Trash Talk,
Spurs are a fucking joke lmao fire the hc ,Hostile Trash Talk,
They’re going to make OG mayor ,Visceral Reaction,
"wow, that hurt to watch. Dont know why fox tried to lay it in",Visceral Reaction,
[ Removed by Reddit ],Visceral Reaction,
Spurs can’t hold their water if their life depended on it.,Visceral Reaction,
Hahahahahahahahaha,Visceral Reaction,
nah bro what was that last play,Visceral Reaction,
Omg,Visceral Reaction,
Fuck the Spurs lost,Hostile Trash Talk,
AHHHHHHHH,Visceral Reaction,
Wemby some fucking ass 😂,Hostile Trash Talk,
Y’all can thank Tswift for the good karma 😂,Visceral Reaction,
Whaaaaaatttttt,Visceral Reaction,
Good for Brunson ,Visceral Reaction,
Cue up the Reggie gif hahahahaha,Visceral Reaction,
This is wild,Visceral Reaction,
"Anyone who says OG did that on purpose is the God of Cap, absolutely astounding win nonetheless ",Visceral Reaction,
Daaaamn absolute insane comeback ,Visceral Reaction,
Fox fucking sucks.,Hostile Trash Talk,
GG that’s the series ,Visceral Reaction,
2nd time spurs head coach hasn't called a timeout in crucial moments,Game Analysis,
"What a choke, Jesus christ",Hostile Trash Talk,
Spursy,Visceral Reaction,
Holy fucking shit,Hostile Trash Talk,
Seriously disappointed by the spurs this time,Visceral Reaction,
"thats the series, you dont recover from that, embarrassing to lose that game spurs",Hostile Trash Talk,
I can’t think of a franchise that deserves this less than the Knicks ,Visceral Reaction,
FUCK YOU,Hostile Trash Talk,
Spurs bottled it hard ,Visceral Reaction,
OG is the finals MVP ,Visceral Reaction,
WHY WOULD FOX TAKE A SHOT????,Visceral Reaction,
You have to fire Mitch Johnson ,Visceral Reaction,
"THIS OG ANUNOBY IS TOO FUCKING CLUTCH

",Hostile Trash Talk,
Dylan harpers face watching that go in. Even was shocked too,Visceral Reaction,
On God Anunoby,Visceral Reaction,
DPOY left his man open to go tip it in. ,Visceral Reaction,
Oh my god that was awesome!,Visceral Reaction,
What the fuck have we just witnessed ,Hostile Trash Talk,
THE NEW YORK KNICKS,Visceral Reaction,
"INSANE, fking INSANE GAME",Visceral Reaction,
Jebus what a game.,Visceral Reaction,
Spurs should be fined and investigated for whatever the fuck that was,Hostile Trash Talk,
What. A. Choke.,Hostile Trash Talk,
HAHAHAHAHAHAHAHA,Visceral Reaction,
THE GREATEST COMEBACK IN NBA FINALS HISTORY ,Visceral Reaction,
Fox 😭😭😭,Visceral Reaction,
Lol if Fox just held on to that ball the Knicks would've foul,Game Analysis,
Did D'Aaron Fox know that you can hold onto the ball?,Visceral Reaction,
Holy fuck,Hostile Trash Talk,
OG just became a fucking NY legend lol,Hostile Trash Talk,
No fucking wayyyyyyyyyyyyy,Hostile Trash Talk,
OH MY GOD????,Visceral Reaction,
OG THE GOAT ,Visceral Reaction,
OG have my kids,Visceral Reaction,
I WAS HERE,Visceral Reaction,
Holy shit,Hostile Trash Talk,
that was amazing,Visceral Reaction,
OH MY GOD!,Visceral Reaction,
Oooooooooooooooooo G!,Visceral Reaction,
HOLY FUCK OG,Hostile Trash Talk,
Holy collapse,Visceral Reaction,
Never a doubt,Visceral Reaction,
 Spurs can’t blame nobody but themselves ,Visceral Reaction,
That max contract to Fox is already hurting ,Visceral Reaction,
Well at least I won’t be kept up by a bunch of honking?,Visceral Reaction,
Sean sweeneys job application by the Magic has officially been rescinded. what a fucking moron making Wemby switch out.,Hostile Trash Talk,
"WHY DID FOX SHOOT THAT

you’re up 1, shot clock is off. Hold the ball lmao, crazy decision making there",Visceral Reaction,
Mitch isn’t crazy. he thought he needed the 2 timeouts for the end. ,Visceral Reaction,
Wtfff that was the craziest thing I've seen,Visceral Reaction,
"If Spurs happen to win this from a De'Aaron Fox dagger of all things, I'll laugh my ass off.",Hostile Trash Talk,
OMGGG OG ,Visceral Reaction,
wtf just happened?! Omg! 🤯,Visceral Reaction,
I can not imagine blowing that huge lead and then to go down 3-1 holy shit ,Hostile Trash Talk,
Oggggggg !!!!,Visceral Reaction,
"You can lose games, especially so young in the finals.

BUT the way Spurs have lost these games.......  I have no words.",Visceral Reaction,
What’s the deal with last second baskets. I mean come on,Visceral Reaction,
WTF HAHHAHAHAHHA,Visceral Reaction,
I'm gonna fucking vom,Hostile Trash Talk,
What the fuck was that inbound? ,Hostile Trash Talk,
Omg again ,Visceral Reaction,
"Wemby lob is coming, game isn’t over yet ",Visceral Reaction,
Biggest choke job ever,Hostile Trash Talk,
Disgraceful ,Visceral Reaction,
Hole leee fuck ,Hostile Trash Talk,
Spurs playing historically stupid basketball in the 2nd half,Game Analysis,
30 points in the second half by the Spurs. That's awful. ,Game Analysis,
HAHAHHAHAHAHA,Visceral Reaction,
Fox too old to be making this dumbass mistake,Visceral Reaction,
Fire mitch johnson,Visceral Reaction,
i have never seen a team choke so hard in my life ,Hostile Trash Talk,
Yeah this series is over as fuck now.,Hostile Trash Talk,
IM IN YOUR HEAD BOY? GET YOUR ASS OUTTA HERE,Hostile Trash Talk,
All time choke job holy fuck,Hostile Trash Talk,
Knicks holding every player on that in bounds,Visceral Reaction,
One of the most stressful games I can remember but I feel like most finals are ,Visceral Reaction,
shit play Mitch,Hostile Trash Talk,
OG IS THE KING OF NEW YORK😍😍😍😍😍🥰🥰🥰,Visceral Reaction,
Fox lost a shit ton of brain cells when he could’ve held the ball and got fouled. ,Hostile Trash Talk,
Impossible 😂,Visceral Reaction,
Mitch and Fox sabotaged the rest of the team ,Visceral Reaction,
"Look like the play was gonna work, but it was a bad pass",Game Analysis,
Historic,Visceral Reaction,
LADS ITS SPURS,Visceral Reaction,
How the hell did this happen? ,Visceral Reaction,
All on Fox bro. Wtf,Visceral Reaction,
OG finals MVP!!!,Visceral Reaction,
Let's fucking go!!!!!,Hostile Trash Talk,
FUCK THE SPURS ,Hostile Trash Talk,
"*""What uh game""*(BobbytheBrainHeenanVoice)",Visceral Reaction,
SPURS COLLAPSE HAHA,Visceral Reaction,
WHAT JUST HAPPENED????,Visceral Reaction,
"Anunoby is God, free drinks in NYC for life",Visceral Reaction,
coaching disasterclass,Visceral Reaction,
Shit is rigged idc,Hostile Trash Talk,
OG is definitely finals MVP,Visceral Reaction,
LMFAOOOOOOOO SPURS YOU SUCK ASS,Hostile Trash Talk,
"FUCK CASTLE, FUCK WEMBY, FUCK THE SPURS!!!!",Hostile Trash Talk,
OG IS THE MAN,Visceral Reaction,
"What a fucking bum ass job by the Spurs, how do you let this shit happen",Hostile Trash Talk,
Fox decision making in the clutch needs to be studied ,Visceral Reaction,
holy fuck,Hostile Trash Talk,
"Wtf was Fox doing, all he needed to do was take possession and get fouled.

Gave the Knicks life and this tip in shit happens, cmon man",Hostile Trash Talk,
Harper didn't touch the ball ever since he came in.. 🙃,Visceral Reaction,
Why didn’t they add time?,Visceral Reaction,
"Cmon spurs, send Taylor swift home a mad bitch ",Hostile Trash Talk,
Fox turned around and watched.,Visceral Reaction,
Get ready to see Batman's no man's land come to life tonight.,Visceral Reaction,
I was here,Visceral Reaction,
talk talk talk ,Visceral Reaction,
Way fucking worse than our collapse lmfao. ,Hostile Trash Talk,
I wanna die ,Visceral Reaction,
What!!!!!!!!!!!,Visceral Reaction,
FIRE MITCH ,Visceral Reaction,
I've seen enough OG Anunoby is the goat,Visceral Reaction,
"Suck a fat one, Wemby!",Hostile Trash Talk,
"absolute choke, mega choke. Even last play, haha lets not give it to the 7'5 guy, lets use him as a decoy. Embarrassing.",Hostile Trash Talk,
Unbelievable ,Visceral Reaction,
That was the worst last play I’ve ever seen. ,Visceral Reaction,
If Fox dribbles that out he’s at the line up 1 with 5 sec to go. What the fucking hell.,Hostile Trash Talk,
LMFAOOOOOO,Visceral Reaction,
